FIPS,State,County,Water Area
1001,Alabama,Autauga,22
1003,Alabama,Baldwin,1115.1
1005,Alabama,Barbour,50.7
1007,Alabama,Bibb,8.1
1009,Alabama,Blount,12.9
1011,Alabama,Bullock,2.7
1013,Alabama,Butler,2.7
1015,Alabama,Calhoun,10
1017,Alabama,Chambers,14.9
1019,Alabama,Cherokee,121.3
1021,Alabama,Chilton,17.5
1023,Alabama,Choctaw,19
1025,Alabama,Clarke,36.6
1027,Alabama,Clay,2.4
1029,Alabama,Cleburne,2.2
1031,Alabama,Coffee,3.4
1033,Alabama,Colbert,75.3
1035,Alabama,Conecuh,4.4
1037,Alabama,Coosa,36
1039,Alabama,Covington,23.9
1041,Alabama,Crenshaw,3.3
1043,Alabama,Cullman,42.4
1045,Alabama,Dale,4.1
1047,Alabama,Dallas,32.8
1049,Alabama,DeKalb,1.9
1051,Alabama,Elmore,92.4
1053,Alabama,Escambia,14.4
1055,Alabama,Etowah,36.2
1057,Alabama,Fayette,4.1
1059,Alabama,Franklin,28.1
1061,Alabama,Geneva,6.7
1063,Alabama,Greene,36.3
1065,Alabama,Hale,33
1067,Alabama,Henry,16.6
1069,Alabama,Houston,3.4
1071,Alabama,Jackson,124.4
1073,Alabama,Jefferson,29
1075,Alabama,Lamar,1.6
1077,Alabama,Lauderdale,127
1079,Alabama,Lawrence,63.9
1081,Alabama,Lee,17.7
1083,Alabama,Limestone,101.1
1085,Alabama,Lowndes,18.4
1087,Alabama,Macon,7
1089,Alabama,Madison,20.5
1091,Alabama,Marengo,15
1093,Alabama,Marion,5.6
1095,Alabama,Marshall,145.3
1097,Alabama,Mobile,1063.9
1099,Alabama,Monroe,22.4
1101,Alabama,Montgomery,25.7
1103,Alabama,Morgan,43.6
1105,Alabama,Perry,11.9
1107,Alabama,Pickens,22.4
1109,Alabama,Pike,2.8
1111,Alabama,Randolph,7.9
1113,Alabama,Russell,16.3
1117,Alabama,Shelby,38
1115,Alabama,St. Clair,50.9
1119,Alabama,Sumter,21.7
1121,Alabama,Talladega,53.7
1123,Alabama,Tallapoosa,125
1125,Alabama,Tuscaloosa,69.3
1127,Alabama,Walker,28.2
1129,Alabama,Washington,20.4
1131,Alabama,Wilcox,48.6
1133,Alabama,Winston,45.1
4001,Arizona,Apache,34.9
4003,Arizona,Cochise,127.7
4005,Arizona,Coconino,112.5
4007,Arizona,Gila,72.6
4009,Arizona,Graham,30.6
4011,Arizona,Greenlee,3.7
4012,Arizona,La Paz,36.5
4013,Arizona,Maricopa,53.9
4015,Arizona,Mohave,409.4
4017,Arizona,Navajo,16.6
4019,Arizona,Pima,6.3
4021,Arizona,Pinal,11.7
4023,Arizona,Santa Cruz,1.2
4025,Arizona,Yavapai,12.4
4027,Arizona,Yuma,12.7
5001,Arkansas,Arkansas,117.4
5003,Arkansas,Ashley,46.1
5005,Arkansas,Baxter,83.8
5007,Arkansas,Benton,86.8
5009,Arkansas,Boone,27.6
5011,Arkansas,Bradley,9.7
5013,Arkansas,Calhoun,11
5015,Arkansas,Carroll,22.1
5017,Arkansas,Chicot,121.4
5019,Arkansas,Clark,44.5
5021,Arkansas,Clay,5.5
5023,Arkansas,Cleburne,100.7
5025,Arkansas,Cleveland,2.8
5027,Arkansas,Columbia,1.9
5029,Arkansas,Conway,27.2
5031,Arkansas,Craighead,5.8
5033,Arkansas,Crawford,22.6
5035,Arkansas,Crittenden,68
5037,Arkansas,Cross,16.8
5039,Arkansas,Dallas,1.9
5041,Arkansas,Desha,141.2
5043,Arkansas,Drew,19.4
5045,Arkansas,Faulkner,43.2
5047,Arkansas,Franklin,26.2
5049,Arkansas,Fulton,5.5
5051,Arkansas,Garland,146.5
5053,Arkansas,Grant,3.2
5055,Arkansas,Greene,5.5
5057,Arkansas,Hempstead,32.6
5059,Arkansas,Hot Spring,18
5061,Arkansas,Howard,20.1
5063,Arkansas,Independence,2
5065,Arkansas,Izard,8.6
5067,Arkansas,Jackson,20.5
5069,Arkansas,Jefferson,75
5071,Arkansas,Johnson,53.3
5073,Arkansas,Lafayette,48.1
5075,Arkansas,Lawrence,15
5077,Arkansas,Lee,46.1
5079,Arkansas,Lincoln,28.4
5081,Arkansas,Little River,8
5083,Arkansas,Logan,56
5085,Arkansas,Lonoke,95.8
5087,Arkansas,Madison,0.4
5089,Arkansas,Marion,110.5
5091,Arkansas,Miller,34.8
5093,Arkansas,Mississippi,55
5095,Arkansas,Monroe,38.2
5097,Arkansas,Montgomery,50
5099,Arkansas,Nevada,2.1
5101,Arkansas,Newton,0.5
5103,Arkansas,Ouachita,18.6
5105,Arkansas,Perry,24.7
5107,Arkansas,Phillips,89.7
5109,Arkansas,Pike,28.2
5111,Arkansas,Poinsett,14.6
5113,Arkansas,Polk,7.8
5115,Arkansas,Pope,48.9
5117,Arkansas,Prairie,77.2
5119,Arkansas,Pulaski,95.7
5121,Arkansas,Randolph,10.9
5125,Arkansas,Saline,14.9
5127,Arkansas,Scott,10.9
5129,Arkansas,Searcy,3.5
5131,Arkansas,Sebastian,25.1
5133,Arkansas,Sevier,45.1
5135,Arkansas,Sharp,5.2
5123,Arkansas,St. Francis,22
5137,Arkansas,Stone,7.3
5139,Arkansas,Union,42.4
5141,Arkansas,Van Buren,33.2
5143,Arkansas,Washington,15
5145,Arkansas,White,21.4
5147,Arkansas,Woodruff,19.4
5149,Arkansas,Yell,54.4
6001,California,Alameda,216
6003,California,Alpine,11.8
6005,California,Amador,30.3
6007,California,Butte,97.4
6009,California,Calaveras,43
6011,California,Colusa,14.4
6013,California,Contra Costa,
6015,California,Del Norte,57
6017,California,El Dorado,20
6019,California,Fresno,141.6
6021,California,Glenn,32
6023,California,Humboldt,124
6025,California,Imperial,795
6027,California,Inyo,92.4
6029,California,Kern,52.9
6031,California,Kings,5.4
6033,California,Lake,184.2
6035,California,Lassen,422.5
6037,California,Los Angeles,
6039,California,Madera,38.8
6041,California,Marin,798.9
6043,California,Mariposa,30
6045,California,Mendocino,95
6047,California,Merced,111.7
6049,California,Modoc,671.5
6051,California,Mono,226.4
6053,California,Monterey,116
6055,California,Napa,89.3
6057,California,Nevada,43.7
6059,California,Orange,409.8
6061,California,Placer,248.2
6063,California,Plumas,154.8
6065,California,Riverside,24
6067,California,Sacramento,7
6069,California,San Benito,4
6071,California,San Bernardi,
6073,California,San Diego,83
6075,California,San Francisc,
6077,California,San Joaquin,
6079,California,San Luis Obi,
6081,California,San Mateo,75
6083,California,Santa Barbar,
6085,California,Santa Clara,
6087,California,Santa Cruz,4
6089,California,Shasta,160.5
6091,California,Sierra,22.3
6093,California,Siskiyou,156
6095,California,Solano,203.8
6097,California,Sonoma,497.6
6099,California,Stanislaus,5
6101,California,Sutter,16
6103,California,Tehama,29.2
6105,California,Trinity,74.9
6107,California,Tulare,39.1
6109,California,Tuolumne,100
6111,California,Ventura,938
6113,California,Yolo,27
6115,California,Yuba,33.9
8001,Colorado,Adams,15
8003,Colorado,Alamosa,2
8005,Colorado,Arapahoe,6
8007,Colorado,Archuleta,13.6
8009,Colorado,Baca,3.5
8011,Colorado,Bent,70.5
8013,Colorado,Boulder,23.2
8015,Colorado,Chaffee,4
8017,Colorado,Cheyenne,0.1
8019,Colorado,Clear Creek,2
8021,Colorado,Conejos,9.5
8023,Colorado,Costilla,8.7
8025,Colorado,Crowley,29.4
8027,Colorado,Custer,2.6
8029,Colorado,Delta,16.6
8031,Colorado,Denver,4.1
8033,Colorado,Dolores,2.9
8035,Colorado,Douglas,6.8
8037,Colorado,Eagle,10.2
8041,Colorado,El Paso,7.8
8039,Colorado,Elbert,0.3
8043,Colorado,Fremont,2.7
8045,Colorado,Garfield,22.2
8047,Colorado,Gilpin,1
8049,Colorado,Grand,51.7
8051,Colorado,Gunnison,54.2
8053,Colorado,Hinsdale,14.1
8055,Colorado,Huerfano,6.1
8057,Colorado,Jackson,20
8059,Colorado,Jefferson,15.5
8061,Colorado,Kiowa,38.2
8063,Colorado,Kit Carson,1.8
8067,Colorado,La Plata,20.1
8065,Colorado,Lake,18.2
8069,Colorado,Larimer,84.3
8071,Colorado,Las Animas,7.2
8073,Colorado,Lincoln,0.8
8075,Colorado,Logan,16.4
8077,Colorado,Mesa,34.6
8079,Colorado,Mineral,5.1
8081,Colorado,Moffat,22.5
8083,Colorado,Montezuma,8.1
8085,Colorado,Montrose,5.1
8087,Colorado,Morgan,22
8089,Colorado,Otero,17.8
8091,Colorado,Ouray,0.5
8093,Colorado,Park,25.9
8095,Colorado,Phillips,0.3
8097,Colorado,Pitkin,7.3
8099,Colorado,Prowers,10.3
8101,Colorado,Pueblo,23.4
8103,Colorado,Rio Blanco,5
8105,Colorado,Rio Grande,1.4
8107,Colorado,Routt,16.7
8109,Colorado,Saguache,4.7
8111,Colorado,San Juan,2.2
8113,Colorado,San Miguel,5.1
8115,Colorado,Sedgwick,3.5
8117,Colorado,Summit,28.7
8119,Colorado,Teller,4.9
8121,Colorado,Washington,8.1
8123,Colorado,Weld,75.1
8125,Colorado,Yuma,8
9001,Connecticut,Fairfield,5
9003,Connecticut,Hartford,39
9005,Connecticut,Litchfield,
9007,Connecticut,Middlesex,1
9009,Connecticut,New Haven,6
9011,Connecticut,New London,
9013,Connecticut,Tolland,18
9015,Connecticut,Windham,22
10001,Delaware,Kent,542.6
10003,Delaware,New Castle,17
10005,Delaware,Sussex,668.3
11001,District of Columbia,D,
12001,Florida,Alachua,245.7
12003,Florida,Baker,9.5
12005,Florida,Bay,698.3
12007,Florida,Bradford,17.9
12009,Florida,Brevard,1395.4
12011,Florida,Broward,287.1
12013,Florida,Calhoun,18.1
12015,Florida,Charlotte,428
12017,Florida,Citrus,491.1
12019,Florida,Clay,110.3
12021,Florida,Collier,724.3
12023,Florida,Columbia,10.3
12025,Florida,Dade,1256.5
12027,Florida,DeSoto,5.8
12029,Florida,Dixie,413.5
12031,Florida,Duval,374.1
12033,Florida,Escambia,596.5
12035,Florida,Flagler,222.1
12037,Florida,Franklin,1275
12039,Florida,Gadsden,32
12041,Florida,Gilchrist,17.2
12043,Florida,Glades,550.8
12045,Florida,Gulf,494
12047,Florida,Hamilton,11.6
12049,Florida,Hardee,2.7
12051,Florida,Hendry,96.3
12053,Florida,Hernando,287
12055,Florida,Highlands,201
12057,Florida,Hillsborough,5
12059,Florida,Holmes,16.1
12061,Florida,Indian River,2
12063,Florida,Jackson,100.7
12065,Florida,Jefferson,100
12067,Florida,Lafayette,13.3
12069,Florida,Lake,526.8
12071,Florida,Lee,1057.8
12073,Florida,Leon,90.7
12075,Florida,Levy,761.4
12077,Florida,Liberty,18.9
12079,Florida,Madison,62
12081,Florida,Manatee,392.7
12083,Florida,Marion,217.8
12085,Florida,Martin,510.7
12087,Florida,Monroe,7097
12089,Florida,Nassau,192.4
12091,Florida,Okaloosa,378.9
12093,Florida,Okeechobee,304
12095,Florida,Orange,250.4
12097,Florida,Osceola,477.8
12099,Florida,Palm Beach,912
12101,Florida,Pasco,318.6
12103,Florida,Pinellas,848.5
12105,Florida,Polk,350.3
12107,Florida,Putnam,272.1
12113,Florida,Santa Rosa,361
12115,Florida,Sarasota,397.6
12117,Florida,Seminole,95
12109,Florida,St. Johns,550
12111,Florida,St. Lucie,299
12119,Florida,Sumter,89.8
12121,Florida,Suwannee,11
12123,Florida,Taylor,492.4
12125,Florida,Union,24.4
12127,Florida,Volusia,846
12129,Florida,Wakulla,334.3
12131,Florida,Walton,467.4
12133,Florida,Washington,93
13001,Georgia,Appling,8.7
13003,Georgia,Atkinson,15.6
13005,Georgia,Bacon,2.5
13007,Georgia,Baker,15.4
13009,Georgia,Baldwin,23.4
13011,Georgia,Banks,0.5
13013,Georgia,Barrow,1.6
13015,Georgia,Bartow,27.7
13017,Georgia,Ben Hill,5.7
13019,Georgia,Berrien,13.8
13021,Georgia,Bibb,13.4
13023,Georgia,Bleckley,4.5
13025,Georgia,Brantley,7.8
13027,Georgia,Brooks,10.6
13029,Georgia,Bryan,33.1
13031,Georgia,Bulloch,16.4
13033,Georgia,Burke,11.6
13035,Georgia,Butts,8.8
13037,Georgia,Calhoun,8.8
13039,Georgia,Camden,395.2
13043,Georgia,Candler,4.8
13045,Georgia,Carroll,11.9
13047,Georgia,Catoosa,1.1
13049,Georgia,Charlton,5.7
13051,Georgia,Chatham,533.4
13053,Georgia,Chattahoochee,
13055,Georgia,Chattooga,0.6
13057,Georgia,Cherokee,26.6
13059,Georgia,Clarke,1.2
13061,Georgia,Clay,56.4
13063,Georgia,Clayton,4.3
13065,Georgia,Clinch,38.6
13067,Georgia,Cobb,11.2
13069,Georgia,Coffee,9.2
13071,Georgia,Colquitt,11.1
13073,Georgia,Columbia,46
13075,Georgia,Cook,10.7
13077,Georgia,Coweta,7.6
13079,Georgia,Crawford,3.5
13081,Georgia,Crisp,19.1
13083,Georgia,Dade,0.5
13085,Georgia,Dawson,7.5
13089,Georgia,DeKalb,6.9
13087,Georgia,Decatur,68.3
13091,Georgia,Dodge,6.6
13093,Georgia,Dooly,10.8
13095,Georgia,Dougherty,12.9
13097,Georgia,Douglas,2.5
13099,Georgia,Early,13
13101,Georgia,Echols,43.2
13103,Georgia,Effingham,8.8
13105,Georgia,Elbert,15
13107,Georgia,Emanuel,11.5
13109,Georgia,Evans,4.9
13111,Georgia,Fannin,14.7
13113,Georgia,Fayette,4.9
13115,Georgia,Floyd,13.5
13117,Georgia,Forsyth,55.9
13119,Georgia,Franklin,7.9
13121,Georgia,Fulton,15.3
13123,Georgia,Gilmer,13.3
13125,Georgia,Glascock,0.7
13127,Georgia,Glynn,416.1
13129,Georgia,Gordon,6.4
13131,Georgia,Grady,5.7
13133,Georgia,Greene,46.4
13135,Georgia,Gwinnett,10
13137,Georgia,Habersham,2.6
13139,Georgia,Hall,92.1
13141,Georgia,Hancock,14.2
13143,Georgia,Haralson,2.7
13145,Georgia,Harris,23.9
13147,Georgia,Hart,62.7
13149,Georgia,Heard,13.1
13151,Georgia,Henry,4.7
13153,Georgia,Houston,8
13155,Georgia,Irwin,15.3
13157,Georgia,Jackson,1.6
13159,Georgia,Jasper,8.1
13161,Georgia,Jeff Davis,5.3
13163,Georgia,Jefferson,5
13165,Georgia,Jenkins,6.8
13167,Georgia,Johnson,5.5
13169,Georgia,Jones,4.2
13171,Georgia,Lamar,2.5
13173,Georgia,Lanier,33.7
13175,Georgia,Laurens,15.4
13177,Georgia,Lee,16.1
13179,Georgia,Liberty,216.2
13181,Georgia,Lincoln,119.7
13183,Georgia,Long,6.5
13185,Georgia,Lowndes,16.6
13187,Georgia,Lumpkin,1
13193,Georgia,Macon,6.9
13195,Georgia,Madison,3
13197,Georgia,Marion,1.2
13189,Georgia,McDuffie,16.9
13191,Georgia,McIntosh,366
13199,Georgia,Meriwether,5.3
13201,Georgia,Miller,1.7
13205,Georgia,Mitchell,4.7
13207,Georgia,Monroe,5.6
13209,Georgia,Montgomery,5.2
13211,Georgia,Morgan,12.8
13213,Georgia,Murray,6.4
13215,Georgia,Muscogee,12.2
13217,Georgia,Newton,7.1
13219,Georgia,Oconee,1
13221,Georgia,Oglethorpe,2.7
13223,Georgia,Paulding,4
13225,Georgia,Peach,1
13227,Georgia,Pickens,1.7
13229,Georgia,Pierce,1.7
13231,Georgia,Pike,2.6
13233,Georgia,Polk,2.6
13235,Georgia,Pulaski,6.4
13237,Georgia,Putnam,41.8
13239,Georgia,Quitman,24.3
13241,Georgia,Rabun,15.4
13243,Georgia,Randolph,4.3
13245,Georgia,Richmond,11.5
13247,Georgia,Rockdale,3.7
13249,Georgia,Schley,0.5
13251,Georgia,Screven,18.4
13253,Georgia,Seminole,48
13255,Georgia,Spalding,4.3
13257,Georgia,Stephens,12.9
13259,Georgia,Stewart,11.7
13261,Georgia,Sumter,18.8
13263,Georgia,Talbot,4
13265,Georgia,Taliaferro,0.2
13267,Georgia,Tattnall,11.7
13269,Georgia,Taylor,5.6
13271,Georgia,Telfair,7.6
13273,Georgia,Terrell,5.6
13275,Georgia,Thomas,9.6
13277,Georgia,Tift,9.7
13279,Georgia,Toombs,5
13281,Georgia,Towns,13.8
13283,Georgia,Treutlen,3.9
13285,Georgia,Troup,83
13287,Georgia,Turner,9.8
13289,Georgia,Twiggs,6.6
13291,Georgia,Union,16.8
13293,Georgia,Upson,5.5
13295,Georgia,Walker,1.2
13297,Georgia,Walton,2.1
13299,Georgia,Ware,10.4
13301,Georgia,Warren,3.2
13303,Georgia,Washington,10
13305,Georgia,Wayne,10.6
13307,Georgia,Webster,1.9
13309,Georgia,Wheeler,6.3
13311,Georgia,White,1.4
13313,Georgia,Whitfield,1.7
13315,Georgia,Wilcox,7.6
13317,Georgia,Wilkes,6.8
13319,Georgia,Wilkinson,14.1
13321,Georgia,Worth,12.4
16001,Idaho,Ada,13.8
16003,Idaho,Adams,14
16005,Idaho,Bannock,88.8
16007,Idaho,Bear Lake,202.2
16009,Idaho,Benewah,20.7
16011,Idaho,Bingham,66
16013,Idaho,Blaine,42.1
16015,Idaho,Boise,11.1
16017,Idaho,Bonner,471.4
16019,Idaho,Bonneville,83.3
16021,Idaho,Boundary,24.4
16023,Idaho,Butte,1.9
16025,Idaho,Camas,10.5
16027,Idaho,Canyon,35.6
16029,Idaho,Caribou,84.5
16031,Idaho,Cassia,35.9
16033,Idaho,Clark,1.5
16035,Idaho,Clearwater,69.2
16037,Idaho,Custer,29.3
16039,Idaho,Elmore,59.4
16041,Idaho,Franklin,7.6
16043,Idaho,Fremont,74.7
16045,Idaho,Gem,8.2
16047,Idaho,Gooding,7.9
16049,Idaho,Idaho,45.6
16051,Idaho,Jefferson,27.1
16053,Idaho,Jerome,5.3
16055,Idaho,Kootenai,182.8
16057,Idaho,Latah,0.6
16059,Idaho,Lemhi,13.8
16061,Idaho,Lewis,2
16063,Idaho,Lincoln,0.8
16065,Idaho,Madison,4.8
16067,Idaho,Minidoka,8.7
16069,Idaho,Nez Perce,18.9
16071,Idaho,Oneida,3.3
16073,Idaho,Owyhee,48.5
16075,Idaho,Payette,6.9
16077,Idaho,Power,95.9
16079,Idaho,Shoshone,4.1
16081,Idaho,Teton,0.5
16083,Idaho,Twin Falls,8.9
16085,Idaho,Valley,144.1
16087,Idaho,Washington,44.6
17001,Illinois,Adams,37.9
17003,Illinois,Alexander,41
17005,Illinois,Bond,6.4
17007,Illinois,Boone,1.5
17009,Illinois,Brown,4.1
17011,Illinois,Bureau,12.3
17013,Illinois,Calhoun,77.3
17015,Illinois,Carroll,55.8
17017,Illinois,Cass,20.2
17019,Illinois,Champaign,1
17021,Illinois,Christian,17
17023,Illinois,Clark,8.7
17025,Illinois,Clay,1.5
17027,Illinois,Clinton,75.7
17029,Illinois,Coles,4.6
17031,Illinois,Cook,1785.1
17033,Illinois,Crawford,5.7
17035,Illinois,Cumberland,2
17039,Illinois,De Witt,19.6
17037,Illinois,DeKalb,2.2
17041,Illinois,Douglas,1.4
17043,Illinois,DuPage,6.3
17045,Illinois,Edgar,1.6
17047,Illinois,Edwards,0.8
17049,Illinois,Effingham,3.1
17051,Illinois,Fayette,23
17053,Illinois,Ford,1.3
17055,Illinois,Franklin,50.1
17057,Illinois,Fulton,44
17059,Illinois,Gallatin,12.1
17061,Illinois,Greene,8.4
17063,Illinois,Grundy,26.7
17065,Illinois,Hamilton,1.7
17067,Illinois,Hancock,51.6
17069,Illinois,Hardin,8.3
17071,Illinois,Henderson,42
17073,Illinois,Henry,6.2
17075,Illinois,Iroquois,4.2
17077,Illinois,Jackson,37.3
17079,Illinois,Jasper,9.4
17081,Illinois,Jefferson,32
17083,Illinois,Jersey,20.2
17085,Illinois,Jo Daviess,45
17087,Illinois,Johnson,7.4
17089,Illinois,Kane,8.9
17091,Illinois,Kankakee,10.3
17093,Illinois,Kendall,5.3
17095,Illinois,Knox,8.9
17099,Illinois,La Salle,33.9
17097,Illinois,Lake,2383.5
17101,Illinois,Lawrence,5.1
17103,Illinois,Lee,10.2
17105,Illinois,Livingston,4
17107,Illinois,Logan,2.2
17115,Illinois,Macon,12.6
17117,Illinois,Macoupin,10.3
17119,Illinois,Madison,39.7
17121,Illinois,Marion,8.9
17123,Illinois,Marshall,32.2
17125,Illinois,Mason,63.3
17127,Illinois,Massac,8
17109,Illinois,McDonough,1.9
17111,Illinois,McHenry,18.2
17113,Illinois,McLean,7
17129,Illinois,Menard,2.9
17131,Illinois,Mercer,20.4
17133,Illinois,Monroe,24.3
17135,Illinois,Montgomery,15
17137,Illinois,Morgan,9
17139,Illinois,Moultrie,23
17141,Illinois,Ogle,11.5
17143,Illinois,Peoria,29.4
17145,Illinois,Perry,15.1
17147,Illinois,Piatt,0.8
17149,Illinois,Pike,48.1
17151,Illinois,Pope,9.8
17153,Illinois,Pulaski,6.6
17155,Illinois,Putnam,32.2
17157,Illinois,Randolph,48.8
17159,Illinois,Richland,4.8
17161,Illinois,Rock Island,6
17165,Illinois,Saline,9.5
17167,Illinois,Sangamon,22.9
17169,Illinois,Schuyler,10.5
17171,Illinois,Scott,4.7
17173,Illinois,Shelby,24.7
17163,Illinois,St. Clair,26
17175,Illinois,Stark,0.8
17177,Illinois,Stephenson,1
17179,Illinois,Tazewell,23.4
17181,Illinois,Union,15.4
17183,Illinois,Vermilion,7.9
17185,Illinois,Wabash,11.1
17187,Illinois,Warren,1.7
17189,Illinois,Washington,3
17191,Illinois,Wayne,4.3
17193,Illinois,White,17.6
17195,Illinois,Whiteside,31
17197,Illinois,Will,31.6
17199,Illinois,Williamson,52
17201,Illinois,Winnebago,14
17203,Illinois,Woodford,38.2
18001,Indiana,Adams,1.5
18003,Indiana,Allen,7.4
18005,Indiana,Bartholomew,6
18007,Indiana,Benton,0.2
18009,Indiana,Blackford,0.8
18011,Indiana,Boone,1.5
18013,Indiana,Brown,11.3
18015,Indiana,Carroll,7.2
18017,Indiana,Cass,5.3
18019,Indiana,Clark,2.8
18021,Indiana,Clay,7.2
18023,Indiana,Clinton,0.5
18025,Indiana,Crawford,8.2
18027,Indiana,Daviess,15.9
18033,Indiana,De Kalb,2.5
18029,Indiana,Dearborn,4.8
18031,Indiana,Decatur,2.1
18035,Indiana,Delaware,6.8
18037,Indiana,Dubois,13.3
18039,Indiana,Elkhart,10.4
18041,Indiana,Fayette,0.4
18043,Indiana,Floyd,0.8
18045,Indiana,Fountain,5.8
18047,Indiana,Franklin,13.8
18049,Indiana,Fulton,7.4
18051,Indiana,Gibson,26.5
18053,Indiana,Grant,2.1
18055,Indiana,Greene,9.9
18057,Indiana,Hamilton,12.3
18059,Indiana,Hancock,1.5
18061,Indiana,Harrison,4.3
18063,Indiana,Hendricks,1.2
18065,Indiana,Henry,5.1
18067,Indiana,Howard,2.2
18069,Indiana,Huntington,13
18071,Indiana,Jackson,11.5
18073,Indiana,Jasper,3.5
18075,Indiana,Jay,0.5
18077,Indiana,Jefferson,4.1
18079,Indiana,Jennings,2.9
18081,Indiana,Johnson,3.5
18083,Indiana,Knox,21.3
18085,Indiana,Kosciusko,43.6
18091,Indiana,La Porte,38.4
18087,Indiana,Lagrange,18.5
18089,Indiana,Lake,335
18093,Indiana,Lawrence,8.4
18095,Indiana,Madison,2
18097,Indiana,Marion,17.4
18099,Indiana,Marshall,14.6
18101,Indiana,Martin,11.4
18103,Indiana,Miami,4.2
18105,Indiana,Monroe,43.9
18107,Indiana,Montgomery,2.1
18109,Indiana,Morgan,7.6
18111,Indiana,Newton,4.4
18113,Indiana,Noble,16.8
18115,Indiana,Ohio,1.9
18117,Indiana,Orange,22.5
18119,Indiana,Owen,6.8
18121,Indiana,Parke,13.7
18123,Indiana,Perry,12.8
18125,Indiana,Pike,12.7
18127,Indiana,Porter,267.9
18129,Indiana,Posey,28.4
18131,Indiana,Pulaski,2.3
18133,Indiana,Putnam,5.9
18135,Indiana,Randolph,0.9
18137,Indiana,Ripley,4
18139,Indiana,Rush,0.8
18143,Indiana,Scott,6.1
18145,Indiana,Shelby,1.2
18147,Indiana,Spencer,6.6
18141,Indiana,St. Joseph,9.4
18149,Indiana,Starke,7.8
18151,Indiana,Steuben,35.6
18153,Indiana,Sullivan,17.7
18155,Indiana,Switzerland,6
18157,Indiana,Tippecanoe,8.5
18159,Indiana,Tipton,0.1
18161,Indiana,Union,9.6
18163,Indiana,Vanderburgh,3
18165,Indiana,Vermillion,7.9
18167,Indiana,Vigo,18.6
18169,Indiana,Wabash,20.5
18171,Indiana,Warren,4.4
18173,Indiana,Warrick,17.6
18175,Indiana,Washington,5.5
18177,Indiana,Wayne,2.1
18179,Indiana,Wells,1.2
18181,Indiana,White,9.2
18183,Indiana,Whitley,6.2
19001,Iowa,Adair,2.6
19003,Iowa,Adams,4.8
19005,Iowa,Allamakee,49.6
19007,Iowa,Appanoose,52.1
19009,Iowa,Audubon,1.2
19011,Iowa,Benton,5.3
19013,Iowa,Black Hawk,11.9
19015,Iowa,Boone,5.3
19017,Iowa,Bremer,4.4
19019,Iowa,Buchanan,5.4
19021,Iowa,Buena Vista,13.7
19023,Iowa,Butler,3.1
19025,Iowa,Calhoun,5.5
19027,Iowa,Carroll,2.4
19029,Iowa,Cass,1.8
19031,Iowa,Cedar,6.3
19033,Iowa,Cerro Gordo,17.5
19035,Iowa,Cherokee,0.5
19037,Iowa,Chickasaw,2.1
19039,Iowa,Clarke,1.6
19041,Iowa,Clay,9.4
19043,Iowa,Clayton,36.3
19045,Iowa,Clinton,39.4
19047,Iowa,Crawford,1.6
19049,Iowa,Dallas,13.6
19051,Iowa,Davis,4.3
19053,Iowa,Decatur,2.9
19055,Iowa,Delaware,3.1
19057,Iowa,Des Moines,35.4
19059,Iowa,Dickinson,58.6
19061,Iowa,Dubuque,21.8
19063,Iowa,Emmet,17.2
19065,Iowa,Fayette,1.3
19067,Iowa,Floyd,1.9
19069,Iowa,Franklin,1.5
19071,Iowa,Fremont,14.2
19073,Iowa,Greene,7
19075,Iowa,Grundy,0.1
19077,Iowa,Guthrie,6.4
19079,Iowa,Hamilton,2
19081,Iowa,Hancock,5.3
19083,Iowa,Hardin,1.8
19085,Iowa,Harrison,10.7
19087,Iowa,Henry,5.8
19089,Iowa,Howard,0.9
19091,Iowa,Humboldt,3.4
19093,Iowa,Ida,1.3
19095,Iowa,Iowa,2.3
19097,Iowa,Jackson,35.4
19099,Iowa,Jasper,7.6
19101,Iowa,Jefferson,3.6
19103,Iowa,Johnson,23
19105,Iowa,Jones,3.6
19107,Iowa,Keokuk,1.9
19109,Iowa,Kossuth,3.6
19111,Iowa,Lee,55.4
19113,Iowa,Linn,18.4
19115,Iowa,Louisa,40.8
19117,Iowa,Lucas,9.4
19119,Iowa,Lyon,0.3
19121,Iowa,Madison,3
19123,Iowa,Mahaska,6.5
19125,Iowa,Marion,42.3
19127,Iowa,Marshall,1.8
19129,Iowa,Mills,8.1
19131,Iowa,Mitchell,1.2
19133,Iowa,Monona,14.8
19135,Iowa,Monroe,1.8
19137,Iowa,Montgomery,2.4
19139,Iowa,Muscatine,26.9
19141,Iowa,O'Brien,0.4
19143,Iowa,Osceola,1.9
19145,Iowa,Page,1.4
19147,Iowa,Palo Alto,14.4
19149,Iowa,Plymouth,1
19151,Iowa,Pocahontas,3.7
19153,Iowa,Polk,58.2
19155,Iowa,Pottawattamie,14
19157,Iowa,Poweshiek,3
19159,Iowa,Ringgold,3.2
19161,Iowa,Sac,6.7
19163,Iowa,Scott,26.7
19165,Iowa,Shelby,1.3
19167,Iowa,Sioux,1.8
19169,Iowa,Story,2.2
19171,Iowa,Tama,2.8
19173,Iowa,Taylor,2.3
19175,Iowa,Union,4.1
19177,Iowa,Van Buren,13.8
19179,Iowa,Wapello,10.8
19181,Iowa,Warren,4
19183,Iowa,Washington,5.1
19185,Iowa,Wayne,3.8
19187,Iowa,Webster,7.3
19189,Iowa,Winnebago,2.9
19191,Iowa,Winneshiek,0.7
19193,Iowa,Woodbury,12.4
19195,Iowa,Worth,4.4
19197,Iowa,Wright,4.7
20001,Kansas,Allen,5.6
20003,Kansas,Anderson,3.6
20005,Kansas,Atchison,7
20007,Kansas,Barber,5.4
20009,Kansas,Barton,16.7
20011,Kansas,Bourbon,4.5
20013,Kansas,Brown,3.9
20015,Kansas,Butler,47.5
20017,Kansas,Chase,5.5
20019,Kansas,Chautauqua,8.1
20021,Kansas,Cherokee,10
20023,Kansas,Cheyenne,2.5
20025,Kansas,Clark,6.5
20027,Kansas,Clay,30
20029,Kansas,Cloud,7.4
20031,Kansas,Coffey,63.1
20033,Kansas,Comanche,3.6
20035,Kansas,Cowley,16.4
20037,Kansas,Crawford,5.5
20039,Kansas,Decatur,1.6
20041,Kansas,Dickinson,10.9
20043,Kansas,Doniphan,12.7
20045,Kansas,Douglas,45.4
20047,Kansas,Edwards,0.2
20049,Kansas,Elk,6.6
20051,Kansas,Ellis,1.3
20053,Kansas,Ellsworth,19.5
20055,Kansas,Finney,6.6
20057,Kansas,Ford,2
20059,Kansas,Franklin,7.2
20061,Kansas,Geary,51
20063,Kansas,Gove,0.2
20065,Kansas,Graham,1
20067,Kansas,Grant,0.5
20069,Kansas,Gray,1.1
20071,Kansas,Greeley,0
20073,Kansas,Greenwood,33.3
20075,Kansas,Hamilton,2.9
20077,Kansas,Harper,3.9
20079,Kansas,Harvey,2.9
20081,Kansas,Haskell,0.9
20083,Kansas,Hodgeman,0.8
20085,Kansas,Jackson,2.7
20087,Kansas,Jefferson,53.9
20089,Kansas,Jewell,13.7
20091,Kansas,Johnson,8.8
20093,Kansas,Kearny,3.9
20095,Kansas,Kingman,7.8
20097,Kansas,Kiowa,0.6
20099,Kansas,Labette,11.5
20101,Kansas,Lane,0.6
20103,Kansas,Leavenworth,13
20105,Kansas,Lincoln,2.8
20107,Kansas,Linn,19.6
20109,Kansas,Logan,0.3
20111,Kansas,Lyon,10.9
20115,Kansas,Marion,27
20117,Kansas,Marshall,4.6
20113,Kansas,McPherson,3.8
20119,Kansas,Meade,3.2
20121,Kansas,Miami,34.8
20123,Kansas,Mitchell,48.5
20125,Kansas,Montgomery,16
20127,Kansas,Morris,14.1
20129,Kansas,Morton,0.1
20131,Kansas,Nemaha,0.9
20133,Kansas,Neosho,16
20135,Kansas,Ness,0.7
20137,Kansas,Norton,9.2
20139,Kansas,Osage,40.6
20141,Kansas,Osborne,4.4
20143,Kansas,Ottawa,2
20145,Kansas,Pawnee,1
20147,Kansas,Phillips,22.2
20149,Kansas,Pottawatomie,46
20151,Kansas,Pratt,2
20153,Kansas,Rawlins,0.3
20155,Kansas,Reno,43.6
20157,Kansas,Republic,9.9
20159,Kansas,Rice,4.4
20161,Kansas,Riley,32.4
20163,Kansas,Rooks,18.2
20165,Kansas,Rush,0.5
20167,Kansas,Russell,37
20169,Kansas,Saline,4.3
20171,Kansas,Scott,0.3
20173,Kansas,Sedgwick,23.9
20175,Kansas,Seward,2.6
20177,Kansas,Shawnee,16.8
20179,Kansas,Sheridan,0.6
20181,Kansas,Sherman,0.5
20183,Kansas,Smith,2.9
20185,Kansas,Stafford,6.9
20187,Kansas,Stanton,0.1
20189,Kansas,Stevens,0.5
20191,Kansas,Sumner,7.7
20193,Kansas,Thomas,0.3
20195,Kansas,Trego,27.8
20197,Kansas,Wabaunsee,6.2
20199,Kansas,Wallace,0.1
20201,Kansas,Washington,1
20203,Kansas,Wichita,0.1
20205,Kansas,Wilson,2.9
20207,Kansas,Woodson,12.6
20209,Kansas,Wyandotte,11.1
21001,Kentucky,Adair,14
21003,Kentucky,Allen,15.3
21005,Kentucky,Anderson,4.2
21007,Kentucky,Ballard,58.1
21009,Kentucky,Barren,23.3
21011,Kentucky,Bath,11.7
21013,Kentucky,Bell,1.5
21015,Kentucky,Boone,27.7
21017,Kentucky,Bourbon,0.6
21019,Kentucky,Boyd,4.3
21021,Kentucky,Boyle,2.8
21023,Kentucky,Bracken,14.7
21025,Kentucky,Breathitt,0.2
21027,Kentucky,Breckinridge,
21029,Kentucky,Bullitt,2.8
21031,Kentucky,Butler,8.9
21033,Kentucky,Caldwell,3.1
21035,Kentucky,Calloway,63.5
21037,Kentucky,Campbell,20.4
21039,Kentucky,Carlisle,16.9
21041,Kentucky,Carroll,18.6
21043,Kentucky,Carter,4
21045,Kentucky,Casey,0.3
21047,Kentucky,Christian,7
21049,Kentucky,Clark,2.2
21051,Kentucky,Clay,0.2
21053,Kentucky,Clinton,20.9
21055,Kentucky,Crittenden,22
21057,Kentucky,Cumberland,13
21059,Kentucky,Daviess,35.9
21061,Kentucky,Edmonson,14
21063,Kentucky,Elliott,3.2
21065,Kentucky,Estill,4.4
21067,Kentucky,Fayette,2.6
21069,Kentucky,Fleming,1.1
21071,Kentucky,Floyd,3
21073,Kentucky,Franklin,4.3
21075,Kentucky,Fulton,55.9
21077,Kentucky,Gallatin,15.1
21079,Kentucky,Garrard,6.9
21081,Kentucky,Grant,2.2
21083,Kentucky,Graves,2.2
21085,Kentucky,Grayson,18.6
21087,Kentucky,Green,0.1
21089,Kentucky,Greenup,21.5
21091,Kentucky,Hancock,26.2
21093,Kentucky,Hardin,4.8
21095,Kentucky,Harlan,2
21097,Kentucky,Harrison,0.5
21099,Kentucky,Hart,5.1
21101,Kentucky,Henderson,70
21103,Kentucky,Henry,4.6
21105,Kentucky,Hickman,22
21107,Kentucky,Hopkins,9.5
21109,Kentucky,Jackson,0.6
21111,Kentucky,Jefferson,34
21113,Kentucky,Jessamine,3.4
21115,Kentucky,Johnson,6.2
21117,Kentucky,Kenton,6.2
21119,Kentucky,Knott,2.1
21121,Kentucky,Knox,0.1
21123,Kentucky,Larue,0.8
21125,Kentucky,Laurel,20.9
21127,Kentucky,Lawrence,3.4
21129,Kentucky,Lee,3.5
21131,Kentucky,Leslie,0.9
21133,Kentucky,Letcher,0.2
21135,Kentucky,Lewis,29.1
21137,Kentucky,Lincoln,0.6
21139,Kentucky,Livingston,67
21141,Kentucky,Logan,3.7
21143,Kentucky,Lyon,105.5
21151,Kentucky,Madison,6.3
21153,Kentucky,Magoffin,0
21155,Kentucky,Marion,0.5
21157,Kentucky,Marshall,91.7
21159,Kentucky,Martin,0.3
21161,Kentucky,Mason,14.2
21145,Kentucky,McCracken,43
21147,Kentucky,McCreary,7.6
21149,Kentucky,McLean,4.9
21163,Kentucky,Meade,40.7
21165,Kentucky,Menifee,5.5
21167,Kentucky,Mercer,5.7
21169,Kentucky,Metcalfe,0.2
21171,Kentucky,Monroe,3.4
21173,Kentucky,Montgomery,0
21175,Kentucky,Morgan,6.3
21177,Kentucky,Muhlenberg,12
21179,Kentucky,Nelson,3.7
21181,Kentucky,Nicholas,0.6
21183,Kentucky,Ohio,7.6
21185,Kentucky,Oldham,19.1
21187,Kentucky,Owen,5.2
21189,Kentucky,Owsley,0
21191,Kentucky,Pendleton,3.4
21193,Kentucky,Perry,1.3
21195,Kentucky,Pike,3
21197,Kentucky,Powell,0.2
21199,Kentucky,Pulaski,40
21201,Kentucky,Robertson,0.1
21203,Kentucky,Rockcastle,1
21205,Kentucky,Rowan,14.1
21207,Kentucky,Russell,75.9
21209,Kentucky,Scott,0.3
21211,Kentucky,Shelby,3.8
21213,Kentucky,Simpson,0
21215,Kentucky,Spencer,15.3
21217,Kentucky,Taylor,18.7
21219,Kentucky,Todd,1.6
21221,Kentucky,Trigg,97.8
21223,Kentucky,Trimble,19.1
21225,Kentucky,Union,47.5
21227,Kentucky,Warren,6.4
21229,Kentucky,Washington,2
21231,Kentucky,Wayne,64.2
21233,Kentucky,Webster,2.5
21235,Kentucky,Whitley,12.9
21237,Kentucky,Wolfe,0.2
21239,Kentucky,Woodford,3.4
22001,Louisiana,Acadia,6
22003,Louisiana,Allen,3
22005,Louisiana,Ascension,29
22007,Louisiana,Assumption,6
22009,Louisiana,Avoyelles,86
22011,Louisiana,Beauregard,1
22013,Louisiana,Bienville,28
22015,Louisiana,Bossier,73.9
22017,Louisiana,Caddo,142.2
22019,Louisiana,Calcasieu,60
22021,Louisiana,Caldwell,29
22023,Louisiana,Cameron,1602
22025,Louisiana,Catahoula,92
22027,Louisiana,Claiborne,33
22029,Louisiana,Concordia,13
22031,Louisiana,De Soto,44.8
22033,Louisiana,E. Baton Rou,
22035,Louisiana,E. Carroll,5
22037,Louisiana,E. Feliciana,
22039,Louisiana,Evangeline,3
22041,Louisiana,Franklin,31
22043,Louisiana,Grant,50.5
22045,Louisiana,Iberia,1180
22047,Louisiana,Iberville,88
22049,Louisiana,Jackson,27
22051,Louisiana,Jefferson,87
22053,Louisiana,Jefferson Da,
22059,Louisiana,La Salle,99
22055,Louisiana,Lafayette,1
22057,Louisiana,Lafourche,10
22061,Louisiana,Lincoln,2.3
22063,Louisiana,Livingston,1
22065,Louisiana,Madison,68.5
22067,Louisiana,Morehouse,28
22069,Louisiana,Natchitoches,
22071,Louisiana,Orleans,439
22073,Louisiana,Ouachita,56
22075,Louisiana,Plaquemines,
22077,Louisiana,Pointe Coupe,
22079,Louisiana,Rapides,102
22081,Louisiana,Red River,35
22083,Louisiana,Richland,15
22085,Louisiana,Sabine,378.8
22087,Louisiana,St. Bernard,
22089,Louisiana,St. Charles,
22091,Louisiana,St. Helena,2
22093,Louisiana,St. James,30
22095,Louisiana,St. John the,
22097,Louisiana,St. Landry,2
22099,Louisiana,St. Martin,1
22101,Louisiana,St. Mary,131
22103,Louisiana,St. Tammany,
22105,Louisiana,Tangipahoa,8
22107,Louisiana,Tensas,100.3
22109,Louisiana,Terrebonne,2
22111,Louisiana,Union,71.7
22113,Louisiana,Vermilion,94
22115,Louisiana,Vernon,33.9
22121,Louisiana,W. Baton Rou,
22123,Louisiana,W. Carroll,2
22125,Louisiana,W. Feliciana,
22117,Louisiana,Washington,1
22119,Louisiana,Webster,49.7
22127,Louisiana,Winn,16.7
23001,Maine,Androscoggin,69
23003,Maine,Aroostook,407.3
23005,Maine,Cumberland,987.9
23007,Maine,Franklin,120.3
23009,Maine,Hancock,1973.8
23011,Maine,Kennebec,217
23013,Maine,Knox,2011.1
23015,Maine,Lincoln,632.9
23017,Maine,Oxford,251.9
23019,Maine,Penobscot,415.4
23021,Maine,Piscataquis,1064
23023,Maine,Sagadahoc,301.2
23025,Maine,Somerset,437.4
23027,Maine,Waldo,318.6
23029,Maine,Washington,1778
23031,Maine,York,726.4
24001,Maryland,Allegany,11.4
24003,Maryland,Anne Arundel,
24005,Maryland,Baltimore,216
24510,Maryland,Baltimore (ci,
24009,Maryland,Calvert,336.5
24011,Maryland,Caroline,15.3
24013,Maryland,Carroll,8.5
24015,Maryland,Cecil,180.6
24017,Maryland,Charles,471.9
24019,Maryland,Dorchester,11
24021,Maryland,Frederick,11
24023,Maryland,Garrett,20.5
24025,Maryland,Harford,223.7
24027,Maryland,Howard,3.6
24029,Maryland,Kent,349.3
24031,Maryland,Montgomery,30
24033,Maryland,Prince George,
24035,Maryland,Queen Anne's,
24039,Maryland,Somerset,734
24037,Maryland,St. Mary's,10
24041,Maryland,Talbot,537.8
24043,Maryland,Washington,24
24045,Maryland,Wicomico,58.5
24047,Maryland,Worcester,573
25001,Massachusetts,Barnstab,
25003,Massachusetts,Berkshir,
25005,Massachusetts,Bristol,
25007,Massachusetts,Dukes,10
25009,Massachusetts,Essex,85
25011,Massachusetts,Franklin,
25013,Massachusetts,Hampden,
25015,Massachusetts,Hampshir,
25017,Massachusetts,Middlese,
25019,Massachusetts,Nantucke,
25021,Massachusetts,Norfolk,
25023,Massachusetts,Plymouth,
25025,Massachusetts,Suffolk,
25027,Massachusetts,Worceste,
26001,Michigan,Alcona,2890.7
26003,Michigan,Alger,10687.4
26005,Michigan,Allegan,2605
26007,Michigan,Alpena,2903.1
26009,Michigan,Antrim,323.7
26011,Michigan,Arenac,813
26013,Michigan,Baraga,427.2
26015,Michigan,Barry,53.8
26017,Michigan,Bay,483.6
26019,Michigan,Benzie,1394.4
26021,Michigan,Berrien,2617
26023,Michigan,Branch,31.3
26025,Michigan,Calhoun,24.9
26027,Michigan,Cass,42.1
26029,Michigan,Charlevoix,25
26031,Michigan,Cheboygan,439
26033,Michigan,Chippewa,2944
26035,Michigan,Clare,21.7
26037,Michigan,Clinton,8.1
26039,Michigan,Crawford,13.6
26041,Michigan,Delta,2127.8
26043,Michigan,Dickinson,27
26045,Michigan,Eaton,6.5
26047,Michigan,Emmet,1073.2
26049,Michigan,Genesee,25.1
26051,Michigan,Gladwin,24.9
26053,Michigan,Gogebic,970.2
26055,Michigan,Grand Travers,
26057,Michigan,Gratiot,3.8
26059,Michigan,Hillsdale,21
26061,Michigan,Houghton,1268
26063,Michigan,Huron,3368.7
26065,Michigan,Ingham,4.5
26067,Michigan,Ionia,18.2
26069,Michigan,Iosco,3474.7
26071,Michigan,Iron,115.7
26073,Michigan,Isabella,9
26075,Michigan,Jackson,44.5
26077,Michigan,Kalamazoo,47
26079,Michigan,Kalkaska,25.2
26081,Michigan,Kent,41.4
26083,Michigan,Keweenaw,1429
26085,Michigan,Lake,18.3
26087,Michigan,Lapeer,22.8
26089,Michigan,Leelanau,5658
26091,Michigan,Lenawee,28
26093,Michigan,Livingston,44
26095,Michigan,Luce,2612.9
26097,Michigan,Mackinac,2794
26099,Michigan,Macomb,231.5
26101,Michigan,Manistee,1908
26103,Michigan,Marquette,415
26105,Michigan,Mason,1934.2
26107,Michigan,Mecosta,39.8
26109,Michigan,Menominee,762
26111,Michigan,Midland,17.3
26113,Michigan,Missaukee,18
26115,Michigan,Monroe,334
26117,Michigan,Montcalm,33.5
26119,Michigan,Montmorency,3
26121,Michigan,Muskegon,2460
26123,Michigan,Newaygo,49.3
26125,Michigan,Oakland,91.6
26127,Michigan,Oceana,1984.8
26129,Michigan,Ogemaw,26.7
26131,Michigan,Ontonagon,629
26133,Michigan,Osceola,18.2
26135,Michigan,Oscoda,17
26137,Michigan,Otsego,29.5
26139,Michigan,Ottawa,2762
26141,Michigan,Presque Isle,
26143,Michigan,Roscommon,151
26145,Michigan,Saginaw,17.7
26151,Michigan,Sanilac,1623
26153,Michigan,Schoolcraft,1
26155,Michigan,Shiawassee,5
26147,Michigan,St. Clair,280
26149,Michigan,St. Joseph,45
26157,Michigan,Tuscola,262.2
26159,Michigan,Van Buren,124
26161,Michigan,Washtenaw,32
26163,Michigan,Wayne,150.5
26165,Michigan,Wexford,26.8
27001,Minnesota,Aitkin,455.9
27003,Minnesota,Anoka,57.7
27005,Minnesota,Becker,348.8
27007,Minnesota,Beltrami,142
27009,Minnesota,Benton,12.2
27011,Minnesota,Big Stone,80
27013,Minnesota,Blue Earth,3
27015,Minnesota,Brown,20.1
27017,Minnesota,Carlton,38.6
27019,Minnesota,Carver,49.5
27021,Minnesota,Cass,1027.2
27023,Minnesota,Chippewa,13
27025,Minnesota,Chisago,64.4
27027,Minnesota,Clay,19.4
27029,Minnesota,Clearwater,9
27031,Minnesota,Cook,4891.3
27033,Minnesota,Cottonwood,2
27035,Minnesota,Crow Wing,41
27037,Minnesota,Dakota,43.1
27039,Minnesota,Dodge,0.3
27041,Minnesota,Douglas,221
27043,Minnesota,Faribault,20
27045,Minnesota,Fillmore,2.3
27047,Minnesota,Freeborn,38
27049,Minnesota,Goodhue,56.7
27051,Minnesota,Grant,74.5
27053,Minnesota,Hennepin,129
27055,Minnesota,Houston,27.2
27057,Minnesota,Hubbard,199
27059,Minnesota,Isanti,33.2
27061,Minnesota,Itasca,680.2
27063,Minnesota,Jackson,45.5
27065,Minnesota,Kanabec,21.9
27067,Minnesota,Kandiyohi,17
27069,Minnesota,Kittson,16.7
27071,Minnesota,Koochiching,
27073,Minnesota,Lac qui Parl,
27075,Minnesota,Lake,2309.6
27077,Minnesota,Lake of the,
27079,Minnesota,Le Sueur,65
27081,Minnesota,Lincoln,29.6
27083,Minnesota,Lyon,18.8
27087,Minnesota,Mahnomen,69
27089,Minnesota,Marshall,105
27091,Minnesota,Martin,52.3
27085,Minnesota,McLeod,35.6
27093,Minnesota,Meeker,94.6
27095,Minnesota,Mille Lacs,2
27097,Minnesota,Morrison,74
27099,Minnesota,Mower,0.5
27101,Minnesota,Murray,39.1
27103,Minnesota,Nicollet,38
27105,Minnesota,Nobles,17.9
27107,Minnesota,Norman,1.4
27109,Minnesota,Olmsted,3.9
27111,Minnesota,Otter Tail,6
27113,Minnesota,Pennington,4
27115,Minnesota,Pine,60.9
27117,Minnesota,Pipestone,0
27119,Minnesota,Polk,71
27121,Minnesota,Pope,122.1
27123,Minnesota,Ramsey,37.1
27125,Minnesota,Red Lake,0.2
27127,Minnesota,Redwood,3.6
27129,Minnesota,Renville,11
27131,Minnesota,Rice,48.1
27133,Minnesota,Rock,0.6
27135,Minnesota,Roseau,41
27139,Minnesota,Scott,30.5
27141,Minnesota,Sherburne,37
27143,Minnesota,Sibley,30.4
27137,Minnesota,St. Louis,16
27145,Minnesota,Stearns,117
27147,Minnesota,Steele,6.8
27149,Minnesota,Stevens,34.1
27151,Minnesota,Swift,22.8
27153,Minnesota,Todd,96.7
27155,Minnesota,Traverse,30
27157,Minnesota,Wabasha,64.2
27159,Minnesota,Wadena,19.6
27161,Minnesota,Waseca,24.8
27163,Minnesota,Washington,8
27165,Minnesota,Watonwan,14
27167,Minnesota,Wilkin,0.5
27169,Minnesota,Winona,39.6
27171,Minnesota,Wright,138.8
27173,Minnesota,Yellow Medic,
28001,Mississippi,Adams,67.3
28003,Mississippi,Alcorn,3.7
28005,Mississippi,Amite,5.3
28007,Mississippi,Attala,5.1
28009,Mississippi,Benton,4.8
28011,Mississippi,Bolivar,76
28013,Mississippi,Calhoun,3
28015,Mississippi,Carroll,17
28017,Mississippi,Chickasaw,
28019,Mississippi,Choctaw,1
28021,Mississippi,Claiborne,
28023,Mississippi,Clarke,5.6
28025,Mississippi,Clay,19.4
28027,Mississippi,Coahoma,75
28029,Mississippi,Copiah,7.2
28031,Mississippi,Covington,
28033,Mississippi,DeSoto,48
28035,Mississippi,Forrest,9
28037,Mississippi,Franklin,5
28039,Mississippi,George,13
28041,Mississippi,Greene,15
28043,Mississippi,Grenada,71
28045,Mississippi,Hancock,19
28047,Mississippi,Harrison,1
28049,Mississippi,Hinds,21.1
28051,Mississippi,Holmes,21
28053,Mississippi,Humphreys,
28055,Mississippi,Issaquena,
28057,Mississippi,Itawamba,2
28059,Mississippi,Jackson,82
28061,Mississippi,Jasper,3.7
28063,Mississippi,Jefferson,
28065,Mississippi,Jefferson,
28067,Mississippi,Jones,15.3
28069,Mississippi,Kemper,2.3
28071,Mississippi,Lafayette,
28073,Mississippi,Lamar,8.1
28075,Mississippi,Lauderdale,
28077,Mississippi,Lawrence,1
28079,Mississippi,Leake,6.9
28081,Mississippi,Lee,9.1
28083,Mississippi,Leflore,37
28085,Mississippi,Lincoln,6
28087,Mississippi,Lowndes,36
28089,Mississippi,Madison,59
28091,Mississippi,Marion,16
28093,Mississippi,Marshall,9
28095,Mississippi,Monroe,20
28097,Mississippi,Montgomery,
28099,Mississippi,Neshoba,4
28101,Mississippi,Newton,4
28103,Mississippi,Noxubee,13
28105,Mississippi,Oktibbeha,
28107,Mississippi,Panola,54
28109,Mississippi,Pearl Rive,
28111,Mississippi,Perry,7.8
28113,Mississippi,Pike,4.9
28115,Mississippi,Pontotoc,9
28117,Mississippi,Prentiss,8
28119,Mississippi,Quitman,4
28121,Mississippi,Rankin,81
28123,Mississippi,Scott,3.4
28125,Mississippi,Sharkey,18
28127,Mississippi,Simpson,4
28129,Mississippi,Smith,3.6
28131,Mississippi,Stone,7
28133,Mississippi,Sunflower,
28135,Mississippi,Tallahatch,
28137,Mississippi,Tate,16.8
28139,Mississippi,Tippah,5.3
28141,Mississippi,Tishomingo,
28143,Mississippi,Tunica,67
28145,Mississippi,Union,3.6
28147,Mississippi,Walthall,1
28149,Mississippi,Warren,83
28151,Mississippi,Washington,
28153,Mississippi,Wayne,8.2
28155,Mississippi,Webster,1
28157,Mississippi,Wilkinson,
28159,Mississippi,Winston,8
28161,Mississippi,Yalobusha,
28163,Mississippi,Yazoo,37.9
29001,Missouri,Adair,4.2
29003,Missouri,Andrew,3.4
29005,Missouri,Atchison,6.8
29007,Missouri,Audrain,9
29009,Missouri,Barry,30.6
29011,Missouri,Barton,6.3
29013,Missouri,Bates,7.5
29015,Missouri,Benton,121.7
29017,Missouri,Bollinger,1.2
29019,Missouri,Boone,15
29021,Missouri,Buchanan,12.5
29023,Missouri,Butler,3.7
29025,Missouri,Caldwell,1
29027,Missouri,Callaway,21.2
29029,Missouri,Camden,139.1
29031,Missouri,Cape Girardea,
29033,Missouri,Carroll,20.1
29035,Missouri,Carter,3.7
29037,Missouri,Cass,9.4
29039,Missouri,Cedar,58.5
29041,Missouri,Chariton,32.1
29043,Missouri,Christian,2.3
29045,Missouri,Clark,11.9
29047,Missouri,Clay,32.9
29049,Missouri,Clinton,12.2
29051,Missouri,Cole,19.6
29053,Missouri,Cooper,13.5
29055,Missouri,Crawford,3.2
29057,Missouri,Dade,41.3
29059,Missouri,Dallas,3.3
29061,Missouri,Daviess,5.5
29063,Missouri,DeKalb,4.1
29065,Missouri,Dent,2.5
29067,Missouri,Douglas,0.2
29069,Missouri,Dunklin,3.9
29071,Missouri,Franklin,19.6
29073,Missouri,Gasconade,13
29075,Missouri,Gentry,0.7
29077,Missouri,Greene,7.3
29079,Missouri,Grundy,5.6
29081,Missouri,Harrison,3.4
29083,Missouri,Henry,78
29085,Missouri,Hickory,34
29087,Missouri,Holt,18.6
29089,Missouri,Howard,12.5
29091,Missouri,Howell,1.5
29093,Missouri,Iron,1.7
29095,Missouri,Jackson,29.4
29097,Missouri,Jasper,4
29099,Missouri,Jefferson,18
29101,Missouri,Johnson,6.4
29103,Missouri,Knox,2.8
29105,Missouri,Laclede,5.5
29107,Missouri,Lafayette,24
29109,Missouri,Lawrence,0.8
29111,Missouri,Lewis,15.1
29113,Missouri,Lincoln,25.7
29115,Missouri,Linn,2.9
29117,Missouri,Livingston,10
29121,Missouri,Macon,22.7
29123,Missouri,Madison,2.3
29125,Missouri,Maries,5.7
29127,Missouri,Marion,15.5
29119,Missouri,McDonald,0.5
29129,Missouri,Mercer,1.9
29131,Missouri,Miller,20
29133,Missouri,Mississippi,4
29135,Missouri,Moniteau,6
29137,Missouri,Monroe,62.8
29139,Missouri,Montgomery,8
29141,Missouri,Morgan,42.6
29143,Missouri,New Madrid,51
29145,Missouri,Newton,0.6
29147,Missouri,Nodaway,2.9
29149,Missouri,Oregon,0.5
29151,Missouri,Osage,18.9
29153,Missouri,Ozark,21.5
29155,Missouri,Pemiscot,50.1
29157,Missouri,Perry,24.9
29159,Missouri,Pettis,3.5
29161,Missouri,Phelps,3.7
29163,Missouri,Pike,30.8
29165,Missouri,Platte,17.8
29167,Missouri,Polk,13.6
29169,Missouri,Pulaski,11.4
29171,Missouri,Putnam,4.5
29173,Missouri,Ralls,33.2
29175,Missouri,Randolph,13.6
29177,Missouri,Ray,10.6
29179,Missouri,Reynolds,8.3
29181,Missouri,Ripley,5.7
29195,Missouri,Saline,23.4
29197,Missouri,Schuyler,0.7
29199,Missouri,Scotland,2
29201,Missouri,Scott,13
29203,Missouri,Shannon,0.4
29205,Missouri,Shelby,4
29183,Missouri,St. Charles,8
29185,Missouri,St. Clair,65
29187,Missouri,St. Francois,
29189,Missouri,St. Louis,41
29510,Missouri,St. Louis (ci,
29186,Missouri,Ste. Geneviev,
29207,Missouri,Stoddard,4.7
29209,Missouri,Stone,123.5
29211,Missouri,Sullivan,1.2
29213,Missouri,Taney,49.5
29215,Missouri,Texas,1.8
29217,Missouri,Vernon,8
29219,Missouri,Warren,15.7
29221,Missouri,Washington,6
29223,Missouri,Wayne,33.8
29225,Missouri,Webster,0.9
29227,Missouri,Worth,0.6
29229,Missouri,Wright,2.3
30001,Montana,Beaverhead,77
30003,Montana,Big Horn,51.4
30005,Montana,Blaine,33
30007,Montana,Broadwater,122
30009,Montana,Carbon,36.8
30011,Montana,Carter,22.6
30013,Montana,Cascade,35.5
30015,Montana,Chouteau,61.4
30017,Montana,Custer,26.1
30019,Montana,Daniels,1.1
30021,Montana,Dawson,25.8
30023,Montana,Deer Lodge,11
30025,Montana,Fallon,7
30027,Montana,Fergus,29
30029,Montana,Flathead,409.2
30031,Montana,Gallatin,67
30033,Montana,Garfield,464.9
30035,Montana,Glacier,109.8
30037,Montana,Golden Valley,
30039,Montana,Granite,14.6
30041,Montana,Hill,51
30043,Montana,Jefferson,5.7
30045,Montana,Judith Basin,2
30047,Montana,Lake,414.2
30049,Montana,Lewis and Clar,
30051,Montana,Liberty,45
30053,Montana,Lincoln,161.7
30057,Montana,Madison,42.2
30055,Montana,McCone,104.2
30059,Montana,Meagher,7.8
30061,Montana,Mineral,9.2
30063,Montana,Missoula,52.3
30065,Montana,Musselshell,9
30067,Montana,Park,27.4
30069,Montana,Petroleum,52.1
30071,Montana,Phillips,187.4
30073,Montana,Pondera,39.3
30075,Montana,Powder River,2
30077,Montana,Powell,17.5
30079,Montana,Prairie,15.6
30081,Montana,Ravalli,15.8
30083,Montana,Richland,49
30085,Montana,Roosevelt,36.4
30087,Montana,Rosebud,37.7
30089,Montana,Sanders,72.2
30091,Montana,Sheridan,77
30093,Montana,Silver Bow,1.7
30095,Montana,Stillwater,25
30097,Montana,Sweet Grass,17
30099,Montana,Teton,51.7
30101,Montana,Toole,90.4
30103,Montana,Treasure,13.6
30105,Montana,Valley,365.6
30107,Montana,Wheatland,13.5
30109,Montana,Wibaux,2
30111,Montana,Yellowstone,36
30113,Montana,Yellowstone Na,
31001,Nebraska,Adams,2
31003,Nebraska,Antelope,3.5
31005,Nebraska,Arthur,7.6
31007,Nebraska,Banner,0.4
31009,Nebraska,Blaine,9.3
31011,Nebraska,Boone,1.4
31013,Nebraska,Box Butte,6.6
31015,Nebraska,Boyd,11.8
31017,Nebraska,Brown,9.8
31019,Nebraska,Buffalo,18.8
31021,Nebraska,Burt,11.2
31023,Nebraska,Butler,2.1
31025,Nebraska,Cass,18
31027,Nebraska,Cedar,14.5
31029,Nebraska,Chase,8.1
31031,Nebraska,Cherry,127.2
31033,Nebraska,Cheyenne,0.3
31035,Nebraska,Clay,1.3
31037,Nebraska,Colfax,14.1
31039,Nebraska,Cuming,6.6
31041,Nebraska,Custer,1
31043,Nebraska,Dakota,8.9
31045,Nebraska,Dawes,12
31047,Nebraska,Dawson,16.6
31049,Nebraska,Deuel,2.3
31051,Nebraska,Dixon,16.4
31053,Nebraska,Dodge,24.6
31055,Nebraska,Douglas,22.3
31057,Nebraska,Dundy,2.4
31059,Nebraska,Fillmore,0.4
31061,Nebraska,Franklin,0.5
31063,Nebraska,Frontier,14.3
31065,Nebraska,Furnas,6.3
31067,Nebraska,Gage,12.1
31069,Nebraska,Garden,68.9
31071,Nebraska,Garfield,3.4
31073,Nebraska,Gosper,11.8
31075,Nebraska,Grant,18.1
31077,Nebraska,Greeley,2.2
31079,Nebraska,Hall,15.1
31081,Nebraska,Hamilton,8
31083,Nebraska,Harlan,55.5
31085,Nebraska,Hayes,0.6
31087,Nebraska,Hitchcock,22
31089,Nebraska,Holt,12.9
31091,Nebraska,Hooker,0.9
31093,Nebraska,Howard,16.3
31095,Nebraska,Jefferson,6.4
31097,Nebraska,Johnson,1.7
31099,Nebraska,Kearney,0.3
31101,Nebraska,Keith,125.7
31103,Nebraska,Keya Paha,2.3
31105,Nebraska,Kimball,1.5
31107,Nebraska,Knox,81.7
31109,Nebraska,Lancaster,20
31111,Nebraska,Lincoln,28.8
31113,Nebraska,Logan,1.2
31115,Nebraska,Loup,3.4
31119,Nebraska,Madison,6.4
31117,Nebraska,McPherson,2.7
31121,Nebraska,Merrick,25.2
31123,Nebraska,Morrill,15.7
31125,Nebraska,Nance,17.4
31127,Nebraska,Nemaha,6.7
31129,Nebraska,Nuckolls,1.7
31131,Nebraska,Otoe,8.4
31133,Nebraska,Pawnee,3.2
31135,Nebraska,Perkins,3
31137,Nebraska,Phelps,1.6
31139,Nebraska,Pierce,3.5
31141,Nebraska,Platte,28.6
31143,Nebraska,Polk,5.2
31145,Nebraska,Red Willow,3
31147,Nebraska,Richardson,6
31149,Nebraska,Rock,8.8
31151,Nebraska,Saline,1.9
31153,Nebraska,Sarpy,17.1
31155,Nebraska,Saunders,12.6
31157,Nebraska,Scotts Bluff,
31159,Nebraska,Seward,2.5
31161,Nebraska,Sheridan,75
31163,Nebraska,Sherman,15
31165,Nebraska,Sioux,1.9
31167,Nebraska,Stanton,3.2
31169,Nebraska,Thayer,2
31171,Nebraska,Thomas,2
31173,Nebraska,Thurston,6.3
31175,Nebraska,Valley,6.2
31177,Nebraska,Washington,8
31179,Nebraska,Wayne,0.1
31181,Nebraska,Webster,0.3
31183,Nebraska,Wheeler,1.1
31185,Nebraska,York,0.9
32510,Nevada,Carson City,31
32001,Nevada,Churchill,244.3
32003,Nevada,Clark,467.1
32005,Nevada,Douglas,72
32007,Nevada,Elko,58.2
32009,Nevada,Esmeralda,1.3
32011,Nevada,Eureka,11.1
32013,Nevada,Humboldt,25.8
32015,Nevada,Lander,66.9
32017,Nevada,Lincoln,7.1
32019,Nevada,Lyon,58.8
32021,Nevada,Mineral,146.5
32023,Nevada,Nye,32.3
32027,Nevada,Pershing,152.3
32029,Nevada,Storey,0.9
32031,Nevada,Washoe,541.3
32033,Nevada,White Pine,53.3
33001,New Hampshire,Belknap,
33003,New Hampshire,Carroll,
33005,New Hampshire,Cheshire,
33007,New Hampshire,Coos,80
33009,New Hampshire,Grafton,
33011,New Hampshire,Hillsbor,
33013,New Hampshire,Merrimac,
33015,New Hampshire,Rockingh,
33017,New Hampshire,Straffor,
33019,New Hampshire,Sullivan,
34001,New Jersey,Atlantic,28
34003,New Jersey,Bergen,32.7
34005,New Jersey,Burlington,
34007,New Jersey,Camden,13.6
34009,New Jersey,Cape May,94
34011,New Jersey,Cumberland,
34013,New Jersey,Essex,8.6
34015,New Jersey,Gloucester,
34017,New Jersey,Hudson,40.4
34019,New Jersey,Hunterdon,2
34021,New Jersey,Mercer,7.6
34023,New Jersey,Middlesex,3
34025,New Jersey,Monmouth,50
34027,New Jersey,Morris,31.8
34029,New Jersey,Ocean,724
34031,New Jersey,Passaic,31
34033,New Jersey,Salem,89.9
34035,New Jersey,Somerset,0
34037,New Jersey,Sussex,38.1
34039,New Jersey,Union,5.6
34041,New Jersey,Warren,12.6
35001,New Mexico,Bernalillo,
35003,New Mexico,Catron,3.2
35005,New Mexico,Chaves,10.9
35006,New Mexico,Cibola,6.5
35007,New Mexico,Colfax,29.5
35009,New Mexico,Curry,4.5
35011,New Mexico,DeBaca,23.2
35013,New Mexico,Dona Ana,19
35015,New Mexico,Eddy,40.3
35017,New Mexico,Grant,4.2
35019,New Mexico,Guadalupe,3
35021,New Mexico,Harding,1.6
35023,New Mexico,Hidalgo,0.7
35025,New Mexico,Lea,2.8
35027,New Mexico,Lincoln,0.5
35028,New Mexico,Los Alamos,
35029,New Mexico,Luna,0.5
35031,New Mexico,McKinley,16
35033,New Mexico,Mora,6.2
35035,New Mexico,Otero,2.3
35037,New Mexico,Quay,17.8
35039,New Mexico,Rio Arriba,
35041,New Mexico,Roosevelt,1
35045,New Mexico,San Juan,63
35047,New Mexico,San Miguel,
35043,New Mexico,Sandoval,12
35049,New Mexico,Santa Fe,4
35051,New Mexico,Sierra,145
35053,New Mexico,Socorro,5.1
35055,New Mexico,Taos,3.8
35057,New Mexico,Torrance,2
35059,New Mexico,Union,2
35061,New Mexico,Valencia,1
36001,New York,Albany,25.1
36003,New York,Allegany,10.9
36005,New York,Bronx,39.9
36007,New York,Broome,22.4
36009,New York,Cattaraugus,3
36011,New York,Cayuga,221.9
36013,New York,Chautauqua,11
36015,New York,Chemung,6.8
36017,New York,Chenango,11.2
36019,New York,Clinton,202.7
36021,New York,Columbia,32.5
36023,New York,Cortland,4.8
36025,New York,Delaware,56.1
36027,New York,Dutchess,61.6
36029,New York,Erie,472.2
36031,New York,Essex,309.9
36033,New York,Franklin,170
36035,New York,Fulton,95.2
36037,New York,Genesee,3.2
36039,New York,Greene,26.8
36041,New York,Hamilton,225
36043,New York,Herkimer,120
36045,New York,Jefferson,151
36047,New York,Kings,68.2
36049,New York,Lewis,37.3
36051,New York,Livingston,21
36053,New York,Madison,14.7
36055,New York,Monroe,1830.2
36057,New York,Montgomery,14
36059,New York,Nassau,431.4
36061,New York,New York,13.7
36063,New York,Niagara,1597
36065,New York,Oneida,115
36067,New York,Onondaga,65.8
36069,New York,Ontario,46.7
36071,New York,Orange,57.5
36073,New York,Orleans,1103
36075,New York,Oswego,929.5
36077,New York,Otsego,31.9
36079,New York,Putnam,38.1
36081,New York,Queens,176
36083,New York,Rensselaer,29
36085,New York,Richmond,114
36087,New York,Rockland,65.1
36091,New York,Saratoga,82.5
36093,New York,Schenectady,9
36095,New York,Schoharie,11
36097,New York,Schuyler,45.2
36099,New York,Seneca,169.9
36089,New York,St. Lawrence,
36101,New York,Steuben,29.6
36103,New York,Suffolk,3787
36105,New York,Sullivan,70.3
36107,New York,Tioga,10.9
36109,New York,Tompkins,40.3
36111,New York,Ulster,88.7
36113,New York,Warren,160.6
36115,New York,Washington,26
36117,New York,Wayne,2020.1
36119,New York,Westchester,1
36121,New York,Wyoming,9.1
36123,New York,Yates,87
37001,North Carolina,Alamanc,
37003,North Carolina,Alexand,
37005,North Carolina,Allegha,
37007,North Carolina,Anson,1
37009,North Carolina,Ashe,1
37011,North Carolina,Avery,0
37013,North Carolina,Beaufor,
37015,North Carolina,Bertie,
37017,North Carolina,Bladen,
37019,North Carolina,Brunswi,
37021,North Carolina,Buncomb,
37023,North Carolina,Burke,2
37025,North Carolina,Cabarru,
37027,North Carolina,Caldwel,
37029,North Carolina,Camden,
37031,North Carolina,Cartere,
37033,North Carolina,Caswell,
37035,North Carolina,Catawba,
37037,North Carolina,Chatham,
37039,North Carolina,Cheroke,
37041,North Carolina,Chowan,
37043,North Carolina,Clay,15
37045,North Carolina,Clevela,
37047,North Carolina,Columbu,
37049,North Carolina,Craven,
37051,North Carolina,Cumberl,
37053,North Carolina,Curritu,
37055,North Carolina,Dare,30
37057,North Carolina,Davidso,
37059,North Carolina,Davie,4
37061,North Carolina,Duplin,
37063,North Carolina,Durham,
37065,North Carolina,Edgecom,
37067,North Carolina,Forsyth,
37069,North Carolina,Frankli,
37071,North Carolina,Gaston,
37073,North Carolina,Gates,1
37075,North Carolina,Graham,
37077,North Carolina,Granvil,
37079,North Carolina,Greene,
37081,North Carolina,Guilfor,
37083,North Carolina,Halifax,
37085,North Carolina,Harnett,
37087,North Carolina,Haywood,
37089,North Carolina,Henders,
37091,North Carolina,Hertfor,
37093,North Carolina,Hoke,2
37095,North Carolina,Hyde,21
37097,North Carolina,Iredell,
37099,North Carolina,Jackson,
37101,North Carolina,Johnsto,
37103,North Carolina,Jones,3
37105,North Carolina,Lee,5.4
37107,North Carolina,Lenoir,
37109,North Carolina,Lincoln,
37113,North Carolina,Macon,7
37115,North Carolina,Madison,
37117,North Carolina,Martin,
37111,North Carolina,McDowel,
37119,North Carolina,Mecklen,
37121,North Carolina,Mitchel,
37123,North Carolina,Montgom,
37125,North Carolina,Moore,1
37127,North Carolina,Nash,6
37129,North Carolina,New Han,
37131,North Carolina,Northam,
37133,North Carolina,Onslow,
37135,North Carolina,Orange,
37137,North Carolina,Pamlico,
37139,North Carolina,Pasquot,
37141,North Carolina,Pender,
37143,North Carolina,Perquim,
37145,North Carolina,Person,
37147,North Carolina,Pitt,8
37149,North Carolina,Polk,1
37151,North Carolina,Randolp,
37153,North Carolina,Richmon,
37155,North Carolina,Robeson,
37157,North Carolina,Rocking,
37159,North Carolina,Rowan,3
37161,North Carolina,Rutherf,
37163,North Carolina,Sampson,
37165,North Carolina,Scotlan,
37167,North Carolina,Stanly,
37169,North Carolina,Stokes,
37171,North Carolina,Surry,3
37173,North Carolina,Swain,3
37175,North Carolina,Transyl,
37177,North Carolina,Tyrrell,
37179,North Carolina,Union,5
37181,North Carolina,Vance,4
37183,North Carolina,Wake,61
37185,North Carolina,Warren,
37187,North Carolina,Washing,
37189,North Carolina,Watauga,
37191,North Carolina,Wayne,1
37193,North Carolina,Wilkes,
37195,North Carolina,Wilson,
37197,North Carolina,Yadkin,
37199,North Carolina,Yancey,
38001,North Dakota,Adams,2.4
38003,North Dakota,Barnes,55
38005,North Dakota,Benson,13
38007,North Dakota,Billings,
38009,North Dakota,Bottineau,
38011,North Dakota,Bowman,12
38013,North Dakota,Burke,66
38015,North Dakota,Burleigh,
38017,North Dakota,Cass,5.8
38019,North Dakota,Cavalier,
38021,North Dakota,Dickey,27
38023,North Dakota,Divide,90
38025,North Dakota,Dunn,187
38027,North Dakota,Eddy,31.5
38029,North Dakota,Emmons,11
38031,North Dakota,Foster,29
38033,North Dakota,Golden Va,
38035,North Dakota,Grand For,
38037,North Dakota,Grant,16
38039,North Dakota,Griggs,19
38041,North Dakota,Hettinger,
38043,North Dakota,Kidder,21
38045,North Dakota,LaMoure,9
38047,North Dakota,Logan,47
38049,North Dakota,McHenry,9
38051,North Dakota,McIntosh,
38053,North Dakota,McKenzie,
38055,North Dakota,McLean,56
38057,North Dakota,Mercer,17
38059,North Dakota,Morton,49
38061,North Dakota,Mountrail,
38063,North Dakota,Nelson,70
38065,North Dakota,Oliver,19
38067,North Dakota,Pembina,7
38069,North Dakota,Pierce,16
38071,North Dakota,Ramsey,29
38073,North Dakota,Ransom,3
38075,North Dakota,Renville,
38077,North Dakota,Richland,
38079,North Dakota,Rolette,9
38081,North Dakota,Sargent,2
38083,North Dakota,Sheridan,
38085,North Dakota,Sioux,88
38087,North Dakota,Slope,3.4
38089,North Dakota,Stark,6
38091,North Dakota,Steele,8
38093,North Dakota,Stutsman,
38095,North Dakota,Towner,42
38097,North Dakota,Traill,1
38099,North Dakota,Walsh,31
38101,North Dakota,Ward,112
38103,North Dakota,Wells,50
38105,North Dakota,Williams,
39001,Ohio,Adams,4.9
39003,Ohio,Allen,6.4
39005,Ohio,Ashland,6.4
39007,Ohio,Ashtabula,1725.1
39009,Ohio,Athens,4.6
39011,Ohio,Auglaize,1.2
39013,Ohio,Belmont,10.6
39015,Ohio,Brown,9
39017,Ohio,Butler,7.6
39019,Ohio,Carroll,11.2
39021,Ohio,Champaign,3
39023,Ohio,Clark,9.9
39025,Ohio,Clermont,14.7
39027,Ohio,Clinton,3.6
39029,Ohio,Columbiana,7
39031,Ohio,Coshocton,9
39033,Ohio,Crawford,1.3
39035,Ohio,Cuyahoga,2039.2
39037,Ohio,Darke,1.2
39039,Ohio,Defiance,7.7
39041,Ohio,Delaware,34.8
39043,Ohio,Erie,961.6
39045,Ohio,Fairfield,7.4
39047,Ohio,Fayette,1.3
39049,Ohio,Franklin,8.8
39051,Ohio,Fulton,1.4
39053,Ohio,Gallia,6.1
39055,Ohio,Geauga,11.8
39057,Ohio,Greene,3.4
39059,Ohio,Guernsey,16.3
39061,Ohio,Hamilton,14
39063,Ohio,Hancock,5.8
39065,Ohio,Hardin,0.6
39067,Ohio,Harrison,18.8
39069,Ohio,Henry,9
39071,Ohio,Highland,11.8
39073,Ohio,Hocking,2.2
39075,Ohio,Holmes,2.7
39077,Ohio,Huron,4.8
39079,Ohio,Jackson,3.2
39081,Ohio,Jefferson,3.3
39083,Ohio,Knox,6.2
39085,Ohio,Lake,1944.5
39087,Ohio,Lawrence,4.8
39089,Ohio,Licking,4.9
39091,Ohio,Logan,21.6
39093,Ohio,Lorain,1115
39095,Ohio,Lucas,570.4
39097,Ohio,Madison,1.9
39099,Ohio,Mahoning,21.1
39101,Ohio,Marion,0.8
39103,Ohio,Medina,4.1
39105,Ohio,Meigs,7.7
39107,Ohio,Mercer,26
39109,Ohio,Miami,5.6
39111,Ohio,Monroe,5
39113,Ohio,Montgomery,7
39115,Ohio,Morgan,10.8
39117,Ohio,Morrow,4.7
39119,Ohio,Muskingum,20.6
39121,Ohio,Noble,14.5
39123,Ohio,Ottawa,946.2
39125,Ohio,Paulding,6.8
39127,Ohio,Perry,6.7
39129,Ohio,Pickaway,12.1
39131,Ohio,Pike,6.4
39133,Ohio,Portage,38.1
39135,Ohio,Preble,3.9
39137,Ohio,Putnam,0.9
39139,Ohio,Richland,8.6
39141,Ohio,Ross,11.8
39143,Ohio,Sandusky,22.3
39145,Ohio,Scioto,9.8
39147,Ohio,Seneca,4.6
39149,Ohio,Shelby,4.6
39151,Ohio,Stark,12.3
39153,Ohio,Summit,18.9
39155,Ohio,Trumbull,47.2
39157,Ohio,Tuscarawas,10.1
39159,Ohio,Union,0.8
39161,Ohio,Van Wert,1
39163,Ohio,Vinton,2.3
39165,Ohio,Warren,18.8
39167,Ohio,Washington,12.8
39169,Ohio,Wayne,2.4
39171,Ohio,Williams,3.3
39173,Ohio,Wood,8.3
39175,Ohio,Wyandot,5.2
40001,Oklahoma,Adair,3.5
40003,Oklahoma,Alfalfa,38.3
40005,Oklahoma,Atoka,30.3
40007,Oklahoma,Beaver,8.3
40009,Oklahoma,Beckham,6
40011,Oklahoma,Blaine,26.8
40013,Oklahoma,Bryan,89.7
40015,Oklahoma,Caddo,31
40017,Oklahoma,Canadian,13.9
40019,Oklahoma,Carter,25.7
40021,Oklahoma,Cherokee,65.7
40023,Oklahoma,Choctaw,69.3
40025,Oklahoma,Cimarron,15.9
40027,Oklahoma,Cleveland,57
40029,Oklahoma,Coal,8
40031,Oklahoma,Comanche,37.5
40033,Oklahoma,Cotton,13.7
40035,Oklahoma,Craig,4.4
40037,Oklahoma,Creek,36.8
40039,Oklahoma,Custer,40.1
40041,Oklahoma,Delaware,133
40043,Oklahoma,Dewey,21.1
40045,Oklahoma,Ellis,7
40047,Oklahoma,Garfield,3.9
40049,Oklahoma,Garvin,11.8
40051,Oklahoma,Grady,11.2
40053,Oklahoma,Grant,7.9
40055,Oklahoma,Greer,11.2
40057,Oklahoma,Harmon,1.9
40059,Oklahoma,Harper,5.1
40061,Oklahoma,Haskell,124.9
40063,Oklahoma,Hughes,20.5
40065,Oklahoma,Jackson,3.8
40067,Oklahoma,Jefferson,38
40069,Oklahoma,Johnston,35.7
40071,Oklahoma,Kay,68.4
40073,Oklahoma,Kingfisher,7
40075,Oklahoma,Kiowa,41.6
40077,Oklahoma,Latimer,18
40079,Oklahoma,Le Flore,57.3
40081,Oklahoma,Lincoln,18.2
40083,Oklahoma,Logan,11.2
40085,Oklahoma,Love,42.9
40093,Oklahoma,Major,2.9
40095,Oklahoma,Marshall,144
40097,Oklahoma,Mayes,70.9
40087,Oklahoma,McClain,27.2
40089,Oklahoma,McCurtain,127
40091,Oklahoma,McIntosh,239
40099,Oklahoma,Murray,17.2
40101,Oklahoma,Muskogee,65.1
40103,Oklahoma,Noble,27.3
40105,Oklahoma,Nowata,41.3
40107,Oklahoma,Okfuskee,10.8
40109,Oklahoma,Oklahoma,23.9
40111,Oklahoma,Okmulgee,13.8
40113,Oklahoma,Osage,137.3
40115,Oklahoma,Ottawa,34.7
40117,Oklahoma,Pawnee,65.9
40119,Oklahoma,Payne,27.9
40121,Oklahoma,Pittsburg,186
40123,Oklahoma,Pontotoc,15
40125,Oklahoma,Pottawatomie,
40127,Oklahoma,Pushmataha,66
40129,Oklahoma,Roger Mills,1
40131,Oklahoma,Rogers,94.5
40133,Oklahoma,Seminole,20.8
40135,Oklahoma,Sequoyah,106
40137,Oklahoma,Stephens,36.4
40139,Oklahoma,Texas,30.2
40141,Oklahoma,Tillman,17.9
40143,Oklahoma,Tulsa,43.3
40145,Oklahoma,Wagoner,72.4
40147,Oklahoma,Washington,19
40149,Oklahoma,Washita,14.6
40151,Oklahoma,Woods,9
40153,Oklahoma,Woodward,9.6
41001,Oregon,Baker,52.6
41003,Oregon,Benton,6.5
41005,Oregon,Clackamas,28.1
41007,Oregon,Clatsop,666.9
41009,Oregon,Columbia,81.9
41011,Oregon,Coos,533.3
41013,Oregon,Crook,20.8
41015,Oregon,Curry,935.5
41017,Oregon,Deschutes,94.9
41019,Oregon,Douglas,251.8
41021,Oregon,Gilliam,48.6
41023,Oregon,Grant,1.8
41025,Oregon,Harney,238.7
41027,Oregon,Hood River,29
41029,Oregon,Jackson,42.9
41031,Oregon,Jefferson,26.9
41033,Oregon,Josephine,5.3
41035,Oregon,Klamath,496.2
41037,Oregon,Lake,576.8
41039,Oregon,Lane,434.6
41041,Oregon,Lincoln,554.9
41043,Oregon,Linn,46.3
41045,Oregon,Malheur,110.8
41047,Oregon,Marion,26.4
41049,Oregon,Morrow,41
41051,Oregon,Multnomah,78.8
41053,Oregon,Polk,8.1
41055,Oregon,Sherman,20.7
41057,Oregon,Tillamook,597.4
41059,Oregon,Umatilla,41.4
41061,Oregon,Union,4.5
41063,Oregon,Wallowa,16.5
41065,Oregon,Wasco,37
41067,Oregon,Washington,6.8
41069,Oregon,Wheeler,1.4
41071,Oregon,Yamhill,7.3
42001,Pennsylvania,Adams,3.9
42003,Pennsylvania,Allegheny,
42005,Pennsylvania,Armstrong,
42007,Pennsylvania,Beaver,22
42009,Pennsylvania,Bedford,7
42011,Pennsylvania,Berks,16
42013,Pennsylvania,Blair,3.4
42015,Pennsylvania,Bradford,
42017,Pennsylvania,Bucks,37
42019,Pennsylvania,Butler,16
42021,Pennsylvania,Cambria,1
42023,Pennsylvania,Cameron,3
42025,Pennsylvania,Carbon,16
42027,Pennsylvania,Centre,11
42029,Pennsylvania,Chester,1
42031,Pennsylvania,Clarion,1
42033,Pennsylvania,Clearfiel,
42035,Pennsylvania,Clinton,1
42037,Pennsylvania,Columbia,
42039,Pennsylvania,Crawford,
42041,Pennsylvania,Cumberlan,
42043,Pennsylvania,Dauphin,8
42045,Pennsylvania,Delaware,
42047,Pennsylvania,Elk,9.3
42049,Pennsylvania,Erie,1959
42051,Pennsylvania,Fayette,2
42053,Pennsylvania,Forest,8
42055,Pennsylvania,Franklin,
42057,Pennsylvania,Fulton,1
42059,Pennsylvania,Greene,5
42061,Pennsylvania,Huntingdo,
42063,Pennsylvania,Indiana,1
42065,Pennsylvania,Jefferson,
42067,Pennsylvania,Juniata,5
42069,Pennsylvania,Lackawann,
42071,Pennsylvania,Lancaster,
42073,Pennsylvania,Lawrence,
42075,Pennsylvania,Lebanon,2
42077,Pennsylvania,Lehigh,4
42079,Pennsylvania,Luzerne,4
42081,Pennsylvania,Lycoming,
42083,Pennsylvania,McKean,6
42085,Pennsylvania,Mercer,27
42087,Pennsylvania,Mifflin,7
42089,Pennsylvania,Monroe,22
42091,Pennsylvania,Montgomer,
42093,Pennsylvania,Montour,4
42095,Pennsylvania,Northampt,
42097,Pennsylvania,Northumbe,
42099,Pennsylvania,Perry,5.8
42101,Pennsylvania,Philadelp,
42103,Pennsylvania,Pike,50.7
42105,Pennsylvania,Potter,0
42107,Pennsylvania,Schuylkil,
42109,Pennsylvania,Snyder,2
42111,Pennsylvania,Somerset,
42113,Pennsylvania,Sullivan,
42115,Pennsylvania,Susquehan,
42117,Pennsylvania,Tioga,9.3
42119,Pennsylvania,Union,1
42121,Pennsylvania,Venango,2
42123,Pennsylvania,Warren,37
42125,Pennsylvania,Washingto,
42127,Pennsylvania,Wayne,55
42129,Pennsylvania,Westmorel,
42131,Pennsylvania,Wyoming,1
42133,Pennsylvania,York,14.8
44001,Rhode Island,Bristol,5
44003,Rhode Island,Kent,46.4
44005,Rhode Island,Newport,5
44007,Rhode Island,Providenc,
44009,Rhode Island,Washingto,
45001,South Carolina,Abbevil,
45003,South Carolina,Aiken,1
45005,South Carolina,Allenda,
45007,South Carolina,Anderso,
45009,South Carolina,Bamberg,
45011,South Carolina,Barnwel,
45013,South Carolina,Beaufor,
45015,South Carolina,Berkele,
45017,South Carolina,Calhoun,
45019,South Carolina,Charles,
45021,South Carolina,Cheroke,
45023,South Carolina,Chester,
45025,South Carolina,Chester,
45027,South Carolina,Clarend,
45029,South Carolina,Colleto,
45031,South Carolina,Darling,
45033,South Carolina,Dillon,
45035,South Carolina,Dorches,
45037,South Carolina,Edgefie,
45039,South Carolina,Fairfie,
45041,South Carolina,Florenc,
45043,South Carolina,Georget,
45045,South Carolina,Greenvi,
45047,South Carolina,Greenwo,
45049,South Carolina,Hampton,
45051,South Carolina,Horry,3
45053,South Carolina,Jasper,
45055,South Carolina,Kershaw,
45057,South Carolina,Lancast,
45059,South Carolina,Laurens,
45061,South Carolina,Lee,2.6
45063,South Carolina,Lexingt,
45067,South Carolina,Marion,
45069,South Carolina,Marlbor,
45065,South Carolina,McCormi,
45071,South Carolina,Newberr,
45073,South Carolina,Oconee,
45075,South Carolina,Orangeb,
45077,South Carolina,Pickens,
45079,South Carolina,Richlan,
45081,South Carolina,Saluda,
45083,South Carolina,Spartan,
45085,South Carolina,Sumter,
45087,South Carolina,Union,4
45089,South Carolina,William,
45091,South Carolina,York,34
46003,South Dakota,Aurora,11
46005,South Dakota,Beadle,14
46007,South Dakota,Bennett,1
46009,South Dakota,Bon Homme,
46011,South Dakota,Brookings,
46013,South Dakota,Brown,48
46015,South Dakota,Brule,71
46017,South Dakota,Buffalo,4
46019,South Dakota,Butte,46
46021,South Dakota,Campbell,
46023,South Dakota,Charles M,
46025,South Dakota,Clark,25
46027,South Dakota,Clay,13.2
46029,South Dakota,Codington,
46031,South Dakota,Corson,14
46033,South Dakota,Custer,3
46035,South Dakota,Davison,3
46037,South Dakota,Day,162.3
46039,South Dakota,Deuel,34
46041,South Dakota,Dewey,370
46043,South Dakota,Douglas,1
46045,South Dakota,Edmunds,1
46047,South Dakota,Fall Rive,
46049,South Dakota,Faulk,14
46051,South Dakota,Grant,14
46053,South Dakota,Gregory,9
46055,South Dakota,Haakon,36
46057,South Dakota,Hamlin,69
46059,South Dakota,Hand,9.4
46061,South Dakota,Hanson,2
46063,South Dakota,Harding,1
46065,South Dakota,Hughes,15
46067,South Dakota,Hutchinso,
46069,South Dakota,Hyde,14.5
46071,South Dakota,Jackson,5
46073,South Dakota,Jerauld,6
46075,South Dakota,Jones,2.9
46077,South Dakota,Kingsbury,
46079,South Dakota,Lake,30.6
46081,South Dakota,Lawrence,
46083,South Dakota,Lincoln,1
46085,South Dakota,Lyman,173
46091,South Dakota,Marshall,
46087,South Dakota,McCook,6
46089,South Dakota,McPherson,
46093,South Dakota,Meade,30
46095,South Dakota,Mellette,
46097,South Dakota,Miner,4.3
46099,South Dakota,Minnehaha,
46101,South Dakota,Moody,3.7
46103,South Dakota,Penningto,
46105,South Dakota,Perkins,4
46107,South Dakota,Potter,82
46109,South Dakota,Roberts,8
46111,South Dakota,Sanborn,3
46113,South Dakota,Shannon,7
46115,South Dakota,Spink,16
46117,South Dakota,Stanley,1
46119,South Dakota,Sully,164
46121,South Dakota,Todd,7.2
46123,South Dakota,Tripp,10
46125,South Dakota,Turner,1
46127,South Dakota,Union,17
46129,South Dakota,Walworth,
46135,South Dakota,Yankton,2
46137,South Dakota,Ziebach,2
47001,Tennessee,Anderson,18
47003,Tennessee,Bedford,3
47005,Tennessee,Benton,107.3
47007,Tennessee,Bledsoe,1
47009,Tennessee,Blount,20.9
47011,Tennessee,Bradley,7.2
47013,Tennessee,Campbell,47
47015,Tennessee,Cannon,0.2
47017,Tennessee,Carroll,2.2
47019,Tennessee,Carter,17
47021,Tennessee,Cheatham,11
47023,Tennessee,Chester,0.6
47025,Tennessee,Claiborne,18
47027,Tennessee,Clay,59.9
47029,Tennessee,Cocke,22.7
47031,Tennessee,Coffee,14.5
47033,Tennessee,Crockett,0.5
47035,Tennessee,Cumberland,8
47037,Tennessee,Davidson,61
47041,Tennessee,DeKalb,63.2
47039,Tennessee,Decatur,28.5
47043,Tennessee,Dickson,3.7
47045,Tennessee,Dyer,41.3
47047,Tennessee,Fayette,4.5
47049,Tennessee,Fentress,0.9
47051,Tennessee,Franklin,55
47053,Tennessee,Gibson,2.4
47055,Tennessee,Giles,0.6
47057,Tennessee,Grainger,57
47059,Tennessee,Greene,6.3
47061,Tennessee,Grundy,1.5
47063,Tennessee,Hamblen,38.2
47065,Tennessee,Hamilton,86
47067,Tennessee,Hancock,3.1
47069,Tennessee,Hardeman,7.4
47071,Tennessee,Hardin,47.8
47073,Tennessee,Hawkins,33.6
47075,Tennessee,Haywood,2.5
47077,Tennessee,Henderson,15
47079,Tennessee,Henry,82.2
47081,Tennessee,Hickman,0.1
47083,Tennessee,Houston,17.4
47085,Tennessee,Humphreys,63
47087,Tennessee,Jackson,27.6
47089,Tennessee,Jefferson,10
47091,Tennessee,Johnson,11
47093,Tennessee,Knox,44.9
47095,Tennessee,Lake,78.7
47097,Tennessee,Lauderdale,9
47099,Tennessee,Lawrence,1.9
47101,Tennessee,Lewis,1
47103,Tennessee,Lincoln,1
47105,Tennessee,Loudon,47.7
47111,Tennessee,Macon,0.1
47113,Tennessee,Madison,4
47115,Tennessee,Marion,36.2
47117,Tennessee,Marshall,1.9
47119,Tennessee,Maury,6.9
47107,Tennessee,McMinn,5
47109,Tennessee,McNairy,2.1
47121,Tennessee,Meigs,56.8
47123,Tennessee,Monroe,45.7
47125,Tennessee,Montgomery,1
47127,Tennessee,Moore,3.1
47129,Tennessee,Morgan,0.9
47131,Tennessee,Obion,27
47133,Tennessee,Overton,3.8
47135,Tennessee,Perry,20.7
47137,Tennessee,Pickett,30.2
47139,Tennessee,Polk,18.9
47141,Tennessee,Putnam,3.8
47143,Tennessee,Rhea,53
47145,Tennessee,Roane,88.1
47147,Tennessee,Robertson,0
47149,Tennessee,Rutherford,1
47151,Tennessee,Scott,2.9
47153,Tennessee,Sequatchie,0
47155,Tennessee,Sevier,14.1
47157,Tennessee,Shelby,74.6
47159,Tennessee,Smith,28.3
47161,Tennessee,Stewart,92
47163,Tennessee,Sullivan,43
47165,Tennessee,Sumner,35.8
47167,Tennessee,Tipton,39.8
47169,Tennessee,Trousdale,6
47171,Tennessee,Unicoi,0.9
47173,Tennessee,Union,61.1
47175,Tennessee,Van Buren,2
47177,Tennessee,Warren,3.7
47179,Tennessee,Washington,9
47181,Tennessee,Wayne,4.2
47183,Tennessee,Weakley,4.1
47185,Tennessee,White,7.3
47187,Tennessee,Williamson,2
47189,Tennessee,Wilson,32.7
48001,Texas,Anderson,18.4
48003,Texas,Andrews,0.9
48005,Texas,Angelina,162.9
48007,Texas,Aransas,715
48009,Texas,Archer,41.7
48011,Texas,Armstrong,0.5
48013,Texas,Atascosa,9.1
48015,Texas,Austin,9.8
48017,Texas,Bailey,1.8
48019,Texas,Bandera,15.1
48021,Texas,Bastrop,19.5
48023,Texas,Baylor,78.3
48025,Texas,Bee,0.4
48027,Texas,Bell,73
48029,Texas,Bexar,25.5
48031,Texas,Blanco,5.6
48033,Texas,Borden,18.8
48035,Texas,Bosque,34.8
48037,Texas,Bowie,90.4
48039,Texas,Brazoria,545.6
48041,Texas,Brazos,11.7
48043,Texas,Brewster,0.5
48045,Texas,Briscoe,3.5
48047,Texas,Brooks,0.8
48049,Texas,Brown,33.8
48051,Texas,Burleson,31.6
48053,Texas,Burnet,64.4
48055,Texas,Caldwell,4.3
48057,Texas,Calhoun,1346.5
48059,Texas,Callahan,6.8
48061,Texas,Cameron,960.5
48063,Texas,Camp,14.7
48065,Texas,Carson,2.4
48067,Texas,Cass,59.4
48069,Texas,Castro,2.5
48071,Texas,Chambers,697.3
48073,Texas,Cherokee,25.1
48075,Texas,Childress,8.5
48077,Texas,Clay,47.5
48079,Texas,Cochran,0.2
48081,Texas,Coke,75.5
48083,Texas,Coleman,22.3
48085,Texas,Collin,98.9
48087,Texas,Collingsworth,1
48089,Texas,Colorado,27.6
48091,Texas,Comal,34.1
48093,Texas,Comanche,25.8
48095,Texas,Concho,5.8
48097,Texas,Cooke,65
48099,Texas,Coryell,12.8
48101,Texas,Cottle,1.1
48103,Texas,Crane,0.1
48105,Texas,Crockett,0
48107,Texas,Crosby,5.6
48109,Texas,Culberson,0.6
48111,Texas,Dallam,1.5
48113,Texas,Dallas,75.1
48115,Texas,Dawson,0.2
48123,Texas,DeWitt,3.3
48117,Texas,Deaf Smith,2.4
48119,Texas,Delta,2
48121,Texas,Denton,179.3
48125,Texas,Dickens,2.6
48127,Texas,Dimmit,9.3
48129,Texas,Donley,8.5
48131,Texas,Duval,7.7
48133,Texas,Eastland,15.3
48135,Texas,Ector,1.6
48137,Texas,Edwards,0.5
48141,Texas,El Paso,4.3
48139,Texas,Ellis,30.4
48143,Texas,Erath,9
48145,Texas,Falls,12.2
48147,Texas,Fannin,19.9
48149,Texas,Fayette,25.4
48151,Texas,Fisher,1.5
48153,Texas,Floyd,0.7
48155,Texas,Foard,2.6
48157,Texas,Fort Bend,28.7
48159,Texas,Franklin,23.6
48161,Texas,Freestone,18
48163,Texas,Frio,3.3
48165,Texas,Gaines,1.3
48167,Texas,Galveston,1237.5
48169,Texas,Garza,1.6
48171,Texas,Gillespie,1.1
48173,Texas,Glasscock,0.5
48175,Texas,Goliad,15.1
48177,Texas,Gonzales,5.3
48179,Texas,Gray,2.5
48181,Texas,Grayson,118
48183,Texas,Gregg,6.1
48185,Texas,Grimes,19.3
48187,Texas,Guadalupe,7.8
48189,Texas,Hale,0.3
48191,Texas,Hall,2.6
48193,Texas,Hamilton,1.7
48195,Texas,Hansford,1.6
48197,Texas,Hardeman,4.2
48199,Texas,Hardin,7.9
48201,Texas,Harris,126.7
48203,Texas,Harrison,42.3
48205,Texas,Hartley,2.5
48207,Texas,Haskell,18.9
48209,Texas,Hays,5
48211,Texas,Hemphill,6.2
48213,Texas,Henderson,193.5
48215,Texas,Hidalgo,35.5
48217,Texas,Hill,60.3
48219,Texas,Hockley,0.7
48221,Texas,Hood,39.3
48223,Texas,Hopkins,20.8
48225,Texas,Houston,15.4
48227,Texas,Howard,3.5
48229,Texas,Hudspeth,2.4
48231,Texas,Hunt,105.8
48233,Texas,Hutchinson,19.6
48235,Texas,Irion,0.3
48237,Texas,Jack,7.1
48239,Texas,Jackson,71.4
48241,Texas,Jasper,83.4
48243,Texas,Jeff Davis,0.5
48245,Texas,Jefferson,538
48247,Texas,Jim Hogg,0.1
48249,Texas,Jim Wells,9.5
48251,Texas,Johnson,13.1
48253,Texas,Jones,15.9
48255,Texas,Karnes,8.5
48257,Texas,Kaufman,53.7
48259,Texas,Kendall,1.6
48261,Texas,Kenedy,1265.8
48263,Texas,Kent,1.5
48265,Texas,Kerr,3.9
48267,Texas,Kimble,0.6
48269,Texas,King,2.7
48271,Texas,Kinney,4.8
48273,Texas,Kleberg,568.4
48275,Texas,Knox,3.5
48283,Texas,La Salle,13.9
48277,Texas,Lamar,40.1
48279,Texas,Lamb,3.9
48281,Texas,Lampasas,5
48285,Texas,Lavaca,1.2
48287,Texas,Lee,14.3
48289,Texas,Leon,21.6
48291,Texas,Liberty,42.7
48293,Texas,Limestone,63
48295,Texas,Lipscomb,0.3
48297,Texas,Live Oak,110.2
48299,Texas,Llano,81.3
48301,Texas,Loving,9.8
48303,Texas,Lubbock,2.9
48305,Texas,Lynn,4.1
48313,Texas,Madison,7.2
48315,Texas,Marion,101.4
48317,Texas,Martin,2.2
48319,Texas,Mason,0.3
48321,Texas,Matagorda,1289.2
48323,Texas,Maverick,30.2
48307,Texas,McCulloch,10.5
48309,Texas,McLennan,47.5
48311,Texas,McMullen,76.7
48325,Texas,Medina,17.5
48327,Texas,Menard,0.9
48329,Texas,Midland,4.4
48331,Texas,Milam,12.8
48333,Texas,Mills,4.6
48335,Texas,Mitchell,15.2
48337,Texas,Montague,20.1
48339,Texas,Montgomery,84.4
48341,Texas,Moore,25.8
48343,Texas,Morris,10.7
48345,Texas,Motley,1.1
48347,Texas,Nacogdoches,89.5
48349,Texas,Navarro,39
48351,Texas,Newton,17.7
48353,Texas,Nolan,5
48355,Texas,Nueces,856.5
48357,Texas,Ochiltree,1.3
48359,Texas,Oldham,2
48361,Texas,Orange,59.9
48363,Texas,Palo Pinto,84.4
48365,Texas,Panola,52.9
48367,Texas,Parker,17
48369,Texas,Parmer,9.1
48371,Texas,Pecos,2.8
48373,Texas,Polk,136.1
48375,Texas,Potter,32.7
48377,Texas,Presidio,1.9
48379,Texas,Rains,69.5
48381,Texas,Randall,20.8
48383,Texas,Reagan,1.8
48385,Texas,Real,0.3
48387,Texas,Red River,19.2
48389,Texas,Reeves,15.7
48391,Texas,Refugio,125.3
48393,Texas,Roberts,0.3
48395,Texas,Robertson,28.8
48397,Texas,Rockwall,51.6
48399,Texas,Runnels,7
48401,Texas,Rusk,39
48403,Texas,Sabine,223.6
48405,Texas,San Augustine,16
48407,Texas,San Jacinto,148
48409,Texas,San Patricio,39
48411,Texas,San Saba,9.8
48413,Texas,Schleicher,0.1
48415,Texas,Scurry,13
48417,Texas,Shackelford,4.1
48419,Texas,Shelby,104.6
48421,Texas,Sherman,0.4
48423,Texas,Smith,54.5
48425,Texas,Somervell,12.3
48427,Texas,Starr,16.2
48429,Texas,Stephens,69.5
48431,Texas,Sterling,0.3
48433,Texas,Stonewall,4
48435,Texas,Sutton,1.6
48437,Texas,Swisher,0.6
48439,Texas,Tarrant,88.2
48441,Texas,Taylor,9.4
48443,Texas,Terrell,0.1
48445,Texas,Terry,2.7
48447,Texas,Throckmorton,8.1
48449,Texas,Titus,39.2
48451,Texas,Tom Green,47.8
48453,Texas,Travis,84.9
48455,Texas,Trinity,54.8
48457,Texas,Tyler,33.2
48459,Texas,Upshur,12.9
48461,Texas,Upton,0.4
48463,Texas,Uvalde,5.3
48465,Texas,Val Verde,160.6
48467,Texas,Van Zandt,27.8
48469,Texas,Victoria,16.1
48471,Texas,Walker,36.2
48473,Texas,Waller,12.6
48475,Texas,Ward,0.7
48477,Texas,Washington,31.4
48479,Texas,Webb,48.4
48481,Texas,Wharton,11.1
48483,Texas,Wheeler,2.9
48485,Texas,Wichita,13.8
48487,Texas,Wilbarger,18.2
48489,Texas,Willacy,485.8
48491,Texas,Williamson,31.4
48493,Texas,Wilson,3.8
48495,Texas,Winkler,0.5
48497,Texas,Wise,47.1
48499,Texas,Wood,118
48501,Texas,Yoakum,0
48503,Texas,Young,22
48505,Texas,Zapata,158.9
48507,Texas,Zavala,8.4
49001,Utah,Beaver,6
49003,Utah,Box Elder,2604.9
49005,Utah,Cache,22.1
49007,Utah,Carbon,15.8
49009,Utah,Daggett,64
49011,Utah,Davis,852.3
49013,Utah,Duchesne,46.4
49015,Utah,Emery,25.1
49017,Utah,Garfield,88
49019,Utah,Grand,32.4
49021,Utah,Iron,9.4
49023,Utah,Juab,37.7
49025,Utah,Kane,301.5
49027,Utah,Millard,618.7
49029,Utah,Morgan,4.3
49031,Utah,Piute,20.6
49033,Utah,Rich,149.6
49035,Utah,Salt Lake,182.4
49037,Utah,San Juan,292.5
49039,Utah,Sanpete,37.7
49041,Utah,Sevier,20.8
49043,Utah,Summit,28.5
49045,Utah,Tooele,885.3
49047,Utah,Uintah,56.8
49049,Utah,Utah,369.5
49051,Utah,Wasatch,73.3
49053,Utah,Washington,7.4
49055,Utah,Wayne,15.9
49057,Utah,Weber,217.3
50001,Vermont,Addison,99.5
50003,Vermont,Bennington,3.6
50005,Vermont,Caledonia,17.6
50007,Vermont,Chittenden,208
50009,Vermont,Essex,22.1
50011,Vermont,Franklin,144
50013,Vermont,Grand Isle,290
50015,Vermont,Lamoille,7.4
50017,Vermont,Orange,8.4
50019,Vermont,Orleans,60.8
50021,Vermont,Rutland,31.7
50023,Vermont,Washington,16
50025,Vermont,Windham,24.3
50027,Vermont,Windsor,12.3
51001,Virginia,Accomack,2215
51003,Virginia,Albemarle,9
51510,Virginia,Alexandria (c,
51005,Virginia,Alleghany,2.7
51007,Virginia,Amelia,4.5
51009,Virginia,Amherst,9.2
51011,Virginia,Appomattox,2
51013,Virginia,Arlington,0.2
51015,Virginia,Augusta,1.5
51017,Virginia,Bath,7
51019,Virginia,Bedford,37.6
51515,Virginia,Bedford (city,
51021,Virginia,Bland,0.2
51023,Virginia,Botetourt,8.5
51520,Virginia,Bristol (city,
51025,Virginia,Brunswick,8.4
51027,Virginia,Buchanan,0
51029,Virginia,Buckingham,7
51530,Virginia,Buena Vista (,
51031,Virginia,Campbell,7.2
51033,Virginia,Caroline,16.4
51035,Virginia,Carroll,3.4
51036,Virginia,Charles City,
51037,Virginia,Charlotte,6.3
51540,Virginia,Charlottesvil,
51550,Virginia,Chesapeake (c,
51041,Virginia,Chesterfield,
51043,Virginia,Clarke,4.1
51560,Virginia,Clifton Forge,
51570,Virginia,Colonial Heig,
51580,Virginia,Covington (ci,
51045,Virginia,Craig,0
51047,Virginia,Culpeper,3
51049,Virginia,Cumberland,3
51590,Virginia,Danville (cit,
51051,Virginia,Dickenson,5
51053,Virginia,Dinwiddie,8.5
51595,Virginia,Emporia (city,
51057,Virginia,Essex,72.9
51059,Virginia,Fairfax,29.1
51600,Virginia,Fairfax (city,
51610,Virginia,Falls Church,
51061,Virginia,Fauquier,3.9
51063,Virginia,Floyd,0
51065,Virginia,Fluvanna,7.3
51067,Virginia,Franklin,50.4
51620,Virginia,Franklin (cit,
51069,Virginia,Frederick,2.8
51630,Virginia,Fredericksbur,
51640,Virginia,Galax (city),
51071,Virginia,Giles,8
51073,Virginia,Gloucester,18
51075,Virginia,Goochland,14
51077,Virginia,Grayson,8.5
51079,Virginia,Greene,1
51081,Virginia,Greensville,3
51083,Virginia,Halifax,26.6
51650,Virginia,Hampton (city,
51085,Virginia,Hanover,3.5
51660,Virginia,Harrisonburg,
51087,Virginia,Henrico,13.2
51089,Virginia,Henry,5.3
51091,Virginia,Highland,0
51670,Virginia,Hopewell (cit,
51093,Virginia,Isle of Wight,
51095,Virginia,James City,95
51099,Virginia,King George,2
51101,Virginia,King William,
51097,Virginia,King and Quee,
51103,Virginia,Lancaster,254
51105,Virginia,Lee,0.5
51678,Virginia,Lexington (ci,
51107,Virginia,Loudoun,3.2
51109,Virginia,Louisa,34.6
51111,Virginia,Lunenburg,1.6
51680,Virginia,Lynchburg (ci,
51113,Virginia,Madison,0.9
51683,Virginia,Manassas (cit,
51685,Virginia,Manassas Park,
51690,Virginia,Martinsville,
51115,Virginia,Mathews,430.7
51117,Virginia,Mecklenburg,1
51119,Virginia,Middlesex,208
51121,Virginia,Montgomery,3
51125,Virginia,Nelson,5.1
51127,Virginia,New Kent,36.1
51700,Virginia,Newport News,
51710,Virginia,Norfolk (city,
51131,Virginia,Northampton,1
51133,Virginia,Northumberlan,
51720,Virginia,Norton (city),
51135,Virginia,Nottoway,3.6
51137,Virginia,Orange,4.4
51139,Virginia,Page,7.7
51141,Virginia,Patrick,7.1
51730,Virginia,Petersburg (c,
51143,Virginia,Pittsylvania,
51735,Virginia,Poquoson (cit,
51740,Virginia,Portsmouth (c,
51145,Virginia,Powhatan,2.9
51147,Virginia,Prince Edward,
51149,Virginia,Prince George,
51153,Virginia,Prince Willia,
51155,Virginia,Pulaski,23.4
51750,Virginia,Radford (city,
51157,Virginia,Rappahannock,
51159,Virginia,Richmond,64.5
51760,Virginia,Richmond (cit,
51161,Virginia,Roanoke,0.5
51770,Virginia,Roanoke (city,
51163,Virginia,Rockbridge,3
51165,Virginia,Rockingham,5
51167,Virginia,Russell,5.5
51775,Virginia,Salem (city),
51169,Virginia,Scott,5.3
51171,Virginia,Shenandoah,0
51173,Virginia,Smyth,0.6
51780,Virginia,South Boston,
51175,Virginia,Southampton,7
51177,Virginia,Spotsylvania,
51179,Virginia,Stafford,24.7
51790,Virginia,Staunton (cit,
51800,Virginia,Suffolk (city,
51181,Virginia,Surry,80.9
51183,Virginia,Sussex,5.4
51185,Virginia,Tazewell,0.4
51810,Virginia,Virginia Beac,
51187,Virginia,Warren,6.8
51191,Virginia,Washington,8
51820,Virginia,Waynesboro (c,
51193,Virginia,Westmoreland,
51830,Virginia,Williamsburg,
51840,Virginia,Winchester (c,
51195,Virginia,Wise,3.1
51197,Virginia,Wythe,3.6
51199,Virginia,York,284.6
53001,Washington,Adams,12.2
53003,Washington,Asotin,12.4
53005,Washington,Benton,147
53007,Washington,Chelan,187
53009,Washington,Clallam,241
53011,Washington,Clark,73.5
53013,Washington,Columbia,12
53015,Washington,Cowlitz,71
53017,Washington,Douglas,72
53019,Washington,Ferry,138.5
53021,Washington,Franklin,60
53023,Washington,Garfield,19
53025,Washington,Grant,297.8
53027,Washington,Grays Harbo,
53029,Washington,Island,799
53031,Washington,Jefferson,9
53033,Washington,King,467.9
53035,Washington,Kitsap,440
53037,Washington,Kittitas,93
53039,Washington,Klickitat,8
53041,Washington,Lewis,74.1
53043,Washington,Lincoln,73
53045,Washington,Mason,233.1
53047,Washington,Okanogan,12
53049,Washington,Pacific,645
53051,Washington,Pend Oreill,
53053,Washington,Pierce,339
53055,Washington,San Juan,11
53057,Washington,Skagit,479
53059,Washington,Skamania,71
53061,Washington,Snohomish,2
53063,Washington,Spokane,44
53065,Washington,Stevens,161
53067,Washington,Thurston,12
53069,Washington,Wahkiakum,5
53071,Washington,Walla Walla,
53073,Washington,Whatcom,993
53075,Washington,Whitman,47
53077,Washington,Yakima,40.6
54001,West Virginia,Barbour,
54003,West Virginia,Berkeley,
54005,West Virginia,Boone,0
54007,West Virginia,Braxton,
54009,West Virginia,Brooke,8
54011,West Virginia,Cabell,1
54013,West Virginia,Calhoun,
54015,West Virginia,Clay,3.7
54017,West Virginia,Doddridg,
54019,West Virginia,Fayette,
54021,West Virginia,Gilmer,0
54023,West Virginia,Grant,7
54025,West Virginia,Greenbri,
54027,West Virginia,Hampshir,
54029,West Virginia,Hancock,
54031,West Virginia,Hardy,2
54033,West Virginia,Harrison,
54035,West Virginia,Jackson,
54037,West Virginia,Jefferso,
54039,West Virginia,Kanawha,
54041,West Virginia,Lewis,2
54043,West Virginia,Lincoln,
54045,West Virginia,Logan,3
54049,West Virginia,Marion,4
54051,West Virginia,Marshall,
54053,West Virginia,Mason,33
54047,West Virginia,McDowell,
54055,West Virginia,Mercer,0
54057,West Virginia,Mineral,
54059,West Virginia,Mingo,2
54061,West Virginia,Monongal,
54063,West Virginia,Monroe,0
54065,West Virginia,Morgan,1
54067,West Virginia,Nicholas,
54069,West Virginia,Ohio,6.9
54071,West Virginia,Pendleto,
54073,West Virginia,Pleasant,
54075,West Virginia,Pocahont,
54077,West Virginia,Preston,
54079,West Virginia,Putnam,1
54081,West Virginia,Raleigh,
54083,West Virginia,Randolph,
54085,West Virginia,Ritchie,
54087,West Virginia,Roane,0
54089,West Virginia,Summers,
54091,West Virginia,Taylor,7
54093,West Virginia,Tucker,5
54095,West Virginia,Tyler,8
54097,West Virginia,Upshur,0
54099,West Virginia,Wayne,16
54101,West Virginia,Webster,
54103,West Virginia,Wetzel,5
54105,West Virginia,Wirt,4.8
54107,West Virginia,Wood,24
54109,West Virginia,Wyoming,
55001,Wisconsin,Adams,105.6
55003,Wisconsin,Ashland,3238
55005,Wisconsin,Barron,70.4
55007,Wisconsin,Bayfield,146
55009,Wisconsin,Brown,224.7
55011,Wisconsin,Buffalo,65
55013,Wisconsin,Burnett,152
55015,Wisconsin,Calumet,199
55017,Wisconsin,Chippewa,80
55019,Wisconsin,Clark,8.9
55021,Wisconsin,Columbia,56
55023,Wisconsin,Crawford,68
55025,Wisconsin,Dane,93.9
55027,Wisconsin,Dodge,63.9
55029,Wisconsin,Door,4887.8
55031,Wisconsin,Douglas,442
55033,Wisconsin,Dunn,30.8
55035,Wisconsin,Eau Claire,1
55037,Wisconsin,Florence,24
55039,Wisconsin,Fond du Lac,
55041,Wisconsin,Forest,83.8
55043,Wisconsin,Grant,92
55045,Wisconsin,Green,1.5
55047,Wisconsin,Green Lake,6
55049,Wisconsin,Iowa,14
55051,Wisconsin,Iron,419.6
55053,Wisconsin,Jackson,33.1
55055,Wisconsin,Jefferson,66
55057,Wisconsin,Juneau,94.6
55059,Wisconsin,Kenosha,1247
55061,Wisconsin,Kewaunee,192
55063,Wisconsin,La Crosse,70
55065,Wisconsin,Lafayette,2
55067,Wisconsin,Langlade,39
55069,Wisconsin,Lincoln,62
55071,Wisconsin,Manitowoc,23
55073,Wisconsin,Marathon,80
55075,Wisconsin,Marinette,38
55077,Wisconsin,Marquette,23
55078,Wisconsin,Menominee,18
55079,Wisconsin,Milwaukee,24
55081,Wisconsin,Monroe,19.5
55083,Wisconsin,Oconto,391.3
55085,Wisconsin,Oneida,288.5
55087,Wisconsin,Outagamie,10
55089,Wisconsin,Ozaukee,2290
55091,Wisconsin,Pepin,42.4
55093,Wisconsin,Pierce,39.1
55095,Wisconsin,Polk,101
55097,Wisconsin,Portage,42.6
55099,Wisconsin,Price,67
55101,Wisconsin,Racine,1188
55103,Wisconsin,Richland,8.2
55105,Wisconsin,Rock,14.8
55107,Wisconsin,Rusk,46
55111,Wisconsin,Sauk,28
55113,Wisconsin,Sawyer,243.2
55115,Wisconsin,Shawano,43.6
55117,Wisconsin,Sheboygan,19
55109,Wisconsin,St. Croix,36
55119,Wisconsin,Taylor,24.9
55121,Wisconsin,Trempealeau,
55123,Wisconsin,Vernon,55.8
55125,Wisconsin,Vilas,375.9
55127,Wisconsin,Walworth,54
55129,Wisconsin,Washburn,112
55131,Wisconsin,Washington,1
55133,Wisconsin,Waukesha,64
55135,Wisconsin,Waupaca,36.9
55137,Wisconsin,Waushara,29
55139,Wisconsin,Winnebago,36
55141,Wisconsin,Wood,43.1
56001,Wyoming,Albany,91.1
56003,Wyoming,Big Horn,56.9
56005,Wyoming,Campbell,12.4
56007,Wyoming,Carbon,175.8
56009,Wyoming,Converse,27
56011,Wyoming,Crook,30.9
56013,Wyoming,Fremont,216.4
56015,Wyoming,Goshen,17.7
56017,Wyoming,Hot Springs,6
56019,Wyoming,Johnson,21.8
56021,Wyoming,Laramie,4.1
56023,Wyoming,Lincoln,51.6
56025,Wyoming,Natrona,92.9
56027,Wyoming,Niobrara,5.4
56029,Wyoming,Park,67.6
56031,Wyoming,Platte,67.3
56033,Wyoming,Sheridan,9.6
56035,Wyoming,Sublette,140.8
56037,Wyoming,Sweetwater,170
56039,Wyoming,Teton,554.3
56041,Wyoming,Uinta,15.3
56043,Wyoming,Washakie,7
56045,Wyoming,Weston,5.7